 07:39:21.270 INFO - ==========================================
07:39:21.272 INFO - SISTEMA DE MONITOREO ACTIVADO (MODO DEBUG)
07:39:21.272 INFO - ==========================================
07:39:23.132 DEBUG - [SALTO EXTERNO] X:0->1915 | ANCLAJE EN: 1915
07:39:23.839 DEBUG - [SALTO EXTERNO] X:0->1895 | ANCLAJE EN: 1895
07:39:24.545 DEBUG - [SALTO EXTERNO] X:0->1915 | ANCLAJE EN: 1915
07:39:25.257 DEBUG - [SALTO EXTERNO] X:0->1915 | ANCLAJE EN: 1915
07:39:27.836 DEBUG - [SALTO EXTERNO] X:0->1855 | ANCLAJE EN: 1855
07:39:28.537 DEBUG - [SALTO EXTERNO] X:0->1895 | ANCLAJE EN: 1895
07:39:29.250 DEBUG - [SALTO EXTERNO] X:0->1875 | ANCLAJE EN: 1875
07:39:29.953 DEBUG - [SALTO EXTERNO] X:0->1895 | ANCLAJE EN: 1895
07:39:30.661 DEBUG - [SALTO EXTERNO] X:0->1915 | ANCLAJE EN: 1915
07:39:31.367 DEBUG - [SALTO EXTERNO] X:0->1895 | ANCLAJE EN: 1895
07:39:32.076 DEBUG - [SALTO EXTERNO] X:0->1895 | ANCLAJE EN: 1895
07:39:33.501 DEBUG - [SALTO EXTERNO] X:0->1915 | ANCLAJE EN: 1915
07:39:34.204 DEBUG - [SALTO EXTERNO] X:1919->5 | ANCLAJE EN: 5
07:39:34.915 DEBUG - [SALTO EXTERNO] X:0->1915 | ANCLAJE EN: 1915
07:39:35.624 DEBUG - [SALTO EXTERNO] X:1919->9 | ANCLAJE EN: 9
07:41:26.506 INFO - ==========================================
07:41:26.506 INFO - SISTEMA REINICIADO CON DPI AWARENESS
07:41:26.506 INFO - ==========================================
07:41:27.661 DEBUG - [SALTO EXTERNO] X:0->1854 | ANCLAJE EN: 1854
07:41:29.068 DEBUG - [SALTO EXTERNO] X:0->1915 | ANCLAJE EN: 1915
07:41:29.775 DEBUG - [SALTO EXTERNO] X:0->1855 | ANCLAJE EN: 1855
07:41:30.484 DEBUG - [SALTO EXTERNO] X:0->1855 | ANCLAJE EN: 1855
07:41:31.183 DEBUG - [SALTO EXTERNO] X:0->1875 | ANCLAJE EN: 1875
07:41:31.890 DEBUG - [SALTO EXTERNO] X:0->1855 | ANCLAJE EN: 1855
07:41:32.593 DEBUG - [SALTO EXTERNO] X:126->1915 | ANCLAJE EN: 1915
07:41:33.310 DEBUG - [SALTO EXTERNO] X:1846->0 | ANCLAJE EN: 0
07:41:34.011 DEBUG - [SALTO EXTERNO] X:20->1915 | ANCLAJE EN: 1915
07:41:34.718 DEBUG - [SALTO EXTERNO] X:1919->5 | ANCLAJE EN: 5
07:41:35.433 DEBUG - [SALTO EXTERNO] X:0->1915 | ANCLAJE EN: 1915
07:41:39.183 DEBUG - [SALTO EXTERNO] X:1919->5 | ANCLAJE EN: 5
07:41:41.650 DEBUG - [SALTO EXTERNO] X:0->1915 | ANCLAJE EN: 1915
07:41:42.365 DEBUG - [SALTO EXTERNO] X:0->1915 | ANCLAJE EN: 1915
07:41:44.166 DEBUG - [SALTO EXTERNO] X:1919->65 | ANCLAJE EN: 65
07:41:44.873 DEBUG - [SALTO EXTERNO] X:1919->45 | ANCLAJE EN: 45
07:41:45.575 DEBUG - [SALTO EXTERNO] X:1919->5 | ANCLAJE EN: 5
07:41:46.997 DEBUG - [SALTO EXTERNO] X:1919->65 | ANCLAJE EN: 65
07:41:47.696 DEBUG - [SALTO EXTERNO] X:1919->5 | ANCLAJE EN: 5
07:41:48.405 DEBUG - [SALTO EXTERNO] X:1919->25 | ANCLAJE EN: 25
07:41:49.116 DEBUG - [SALTO EXTERNO] X:1919->45 | ANCLAJE EN: 45
07:41:57.502 DEBUG - [SALTO EXTERNO] X:1731->0 | ANCLAJE EN: 0
09:53:27.253 DEBUG - [SALTO EXTERNO] X:0->1731 | ANCLAJE EN: 1731
09:53:29.029 DEBUG - [SALTO EXTERNO] X:1731->0 | ANCLAJE EN: 0
09:53:29.387 DEBUG - [SALTO EXTERNO] X:0->1731 | ANCLAJE EN: 1731
09:56:03.114 INFO - ==========================================
09:56:03.114 INFO - SISTEMA REINICIADO CON DPI AWARENESS
09:56:03.114 INFO - ==========================================
09:56:13.033 DEBUG - [SALTO EXTERNO] X:1919->5 | ANCLAJE EN: 5
09:56:13.839 DEBUG - [SALTO EXTERNO] X:0->1915 | ANCLAJE EN: 1915
09:56:15.089 DEBUG - [SALTO EXTERNO] X:1919->39 | ANCLAJE EN: 39
09:56:15.802 DEBUG - [SALTO EXTERNO] X:1919->65 | ANCLAJE EN: 65
09:56:16.503 DEBUG - [SALTO EXTERNO] X:1919->5 | ANCLAJE EN: 5
09:56:17.217 DEBUG - [SALTO EXTERNO] X:1919->45 | ANCLAJE EN: 45
09:56:17.926 DEBUG - [SALTO EXTERNO] X:1919->66 | ANCLAJE EN: 66
09:56:22.558 DEBUG - [SALTO EXTERNO] X:1919->5 | ANCLAJE EN: 5
09:56:23.269 DEBUG - [SALTO EXTERNO] X:0->1915 | ANCLAJE EN: 1915
10:02:37.317 INFO - ==========================================
10:02:37.317 INFO - SISTEMA REINICIADO CON DPI AWARENESS
10:02:37.318 INFO - ==========================================
10:02:41.365 DEBUG - [SALTO EXTERNO] X:0->1915 | ANCLAJE EN: 1915
10:02:42.390 DEBUG - [SALTO EXTERNO] X:1919->5 | ANCLAJE EN: 5
10:02:43.485 DEBUG - [SALTO EXTERNO] X:0->1915 | ANCLAJE EN: 1915
10:02:44.965 DEBUG - [SALTO EXTERNO] X:1919->5 | ANCLAJE EN: 5
10:02:46.564 DEBUG - [SALTO EXTERNO] X:0->1915 | ANCLAJE EN: 1915
10:02:47.946 DEBUG - [SALTO EXTERNO] X:1919->5 | ANCLAJE EN: 5
10:02:48.794 DEBUG - [SALTO EXTERNO] X:0->1915 | ANCLAJE EN: 1915
10:02:52.358 DEBUG - [SALTO EXTERNO] X:1919->5 | ANCLAJE EN: 5
10:02:53.504 DEBUG - [SALTO EXTERNO] X:1919->65 | ANCLAJE EN: 65
10:02:54.215 DEBUG - [SALTO EXTERNO] X:1919->66 | ANCLAJE EN: 66
10:02:54.923 DEBUG - [SALTO EXTERNO] X:1919->45 | ANCLAJE EN: 45
10:02:55.625 DEBUG - [SALTO EXTERNO] X:1919->5 | ANCLAJE EN: 5
10:02:56.335 DEBUG - [SALTO EXTERNO] X:1919->65 | ANCLAJE EN: 65
10:02:58.091 DEBUG - [SALTO EXTERNO] X:0->1895 | ANCLAJE EN: 1895
10:02:58.800 DEBUG - [SALTO EXTERNO] X:0->1915 | ANCLAJE EN: 1915
10:02:59.512 DEBUG - [SALTO EXTERNO] X:0->1915 | ANCLAJE EN: 1915
10:03:00.229 DEBUG - [SALTO EXTERNO] X:0->1855 | ANCLAJE EN: 1855
10:03:00.930 DEBUG - [SALTO EXTERNO] X:0->1835 | ANCLAJE EN: 1835
10:03:01.637 DEBUG - [SALTO EXTERNO] X:0->1834 | ANCLAJE EN: 1834
10:03:02.341 DEBUG - [SALTO EXTERNO] X:0->1855 | ANCLAJE EN: 1855
10:03:03.040 DEBUG - [SALTO EXTERNO] X:0->1915 | ANCLAJE EN: 1915
10:03:18.875 INFO - ==========================================
10:03:18.875 INFO - SISTEMA REINICIADO CON DPI AWARENESS
10:03:18.877 INFO - ==========================================
10:03:27.415 INFO - ==========================================
10:03:27.415 INFO - SISTEMA REINICIADO CON DPI AWARENESS
10:03:27.415 INFO - ==========================================
10:03:31.436 DEBUG - [SALTO EXTERNO X] 0->1835 | ANCLAJE TEMPORAL EN: 1355
10:03:31.443 DEBUG - [MURO X LIBERADO por movimiento opuesto]
10:03:32.132 DEBUG - [SALTO EXTERNO X] 0->1915 | ANCLAJE TEMPORAL EN: 1435
10:03:32.137 DEBUG - [MURO X LIBERADO por movimiento opuesto]
10:03:32.847 DEBUG - [SALTO EXTERNO X] 0->1855 | ANCLAJE TEMPORAL EN: 1375
10:03:32.847 DEBUG - [MURO X LIBERADO por movimiento opuesto]
10:03:33.555 DEBUG - [SALTO EXTERNO X] 0->1855 | ANCLAJE TEMPORAL EN: 1375
10:03:33.555 DEBUG - [MURO X LIBERADO por movimiento opuesto]
10:03:34.254 DEBUG - [SALTO EXTERNO X] 0->1915 | ANCLAJE TEMPORAL EN: 1435
10:03:34.254 DEBUG - [MURO X LIBERADO por movimiento opuesto]
10:03:34.962 DEBUG - [SALTO EXTERNO X] 0->1915 | ANCLAJE TEMPORAL EN: 1435
10:03:34.962 DEBUG - [MURO X LIBERADO por movimiento opuesto]
10:04:39.197 DEBUG - [SALTO EXTERNO X] 1919->5 | ANCLAJE TEMPORAL EN: 485
10:04:39.197 DEBUG - [MURO X LIBERADO por movimiento opuesto]
10:04:39.911 DEBUG - [SALTO EXTERNO X] 0->1915 | ANCLAJE TEMPORAL EN: 1435
10:04:39.911 DEBUG - [MURO X LIBERADO por movimiento opuesto]
10:04:41.607 DEBUG - [SALTO EXTERNO X] 1919->5 | ANCLAJE TEMPORAL EN: 485
10:04:41.607 DEBUG - [MURO X LIBERADO por movimiento opuesto]
10:04:42.678 DEBUG - [SALTO EXTERNO X] 0->1893 | ANCLAJE TEMPORAL EN: 1413
10:04:42.678 DEBUG - [MURO X LIBERADO por movimiento opuesto]
10:04:44.152 DEBUG - [SALTO EXTERNO X] 1919->5 | ANCLAJE TEMPORAL EN: 485
10:04:44.152 DEBUG - [MURO X LIBERADO por movimiento opuesto]
10:04:45.381 DEBUG - [SALTO EXTERNO X] 0->1915 | ANCLAJE TEMPORAL EN: 1435
10:04:45.381 DEBUG - [MURO X LIBERADO por movimiento opuesto]
10:04:46.716 DEBUG - [SALTO EXTERNO X] 1919->5 | ANCLAJE TEMPORAL EN: 485
10:04:46.716 DEBUG - [MURO X LIBERADO por movimiento opuesto]
10:04:47.940 DEBUG - [SALTO EXTERNO X] 1919->45 | ANCLAJE TEMPORAL EN: 525
10:04:47.940 DEBUG - [MURO X LIBERADO por movimiento opuesto]
10:04:49.061 DEBUG - [SALTO EXTERNO X] 0->1875 | ANCLAJE TEMPORAL EN: 1395
10:04:49.061 DEBUG - [MURO X LIBERADO por movimiento opuesto]
10:04:50.081 DEBUG - [SALTO EXTERNO X] 1919->25 | ANCLAJE TEMPORAL EN: 505
10:04:50.081 DEBUG - [MURO X LIBERADO por movimiento opuesto]
10:04:51.241 DEBUG - [SALTO EXTERNO X] 0->1915 | ANCLAJE TEMPORAL EN: 1435
10:04:51.241 DEBUG - [MURO X LIBERADO por movimiento opuesto]
10:04:52.619 DEBUG - [SALTO EXTERNO X] 1919->5 | ANCLAJE TEMPORAL EN: 485
10:04:52.619 DEBUG - [MURO X LIBERADO por movimiento opuesto]
10:05:13.051 INFO - ==========================================
10:05:13.051 INFO - SISTEMA REINICIADO CON DPI AWARENESS
10:05:13.051 INFO - ARCHIVO DE LOGS: D:\scripts\status script\f22_debug.log
10:05:13.051 INFO - ==========================================
10:05:18.516 DEBUG - [SALTO EXTERNO X] 1919->5 | ANCLAJE TEMPORAL EN: 485
10:05:19.248 DEBUG - [MURO X LIBERADO por movimiento opuesto]
10:05:19.468 DEBUG - [SALTO EXTERNO X] 0->1915 | ANCLAJE TEMPORAL EN: 1435
10:05:20.218 DEBUG - [MURO X LIBERADO por tiempo]
10:05:20.775 DEBUG - [SALTO EXTERNO X] 1919->5 | ANCLAJE TEMPORAL EN: 485
10:05:21.527 DEBUG - [MURO X LIBERADO por tiempo]
10:05:21.850 DEBUG - [SALTO EXTERNO X] 0->1900 | ANCLAJE TEMPORAL EN: 1420
10:05:22.602 DEBUG - [MURO X LIBERADO por tiempo]
10:05:23.007 DEBUG - [SALTO EXTERNO X] 0->1915 | ANCLAJE TEMPORAL EN: 1435
10:05:23.757 DEBUG - [MURO X LIBERADO por tiempo]
10:05:24.994 DEBUG - [SALTO EXTERNO X] 1919->45 | ANCLAJE TEMPORAL EN: 525
10:05:25.754 DEBUG - [MURO X LIBERADO por tiempo]
10:05:27.846 DEBUG - [SALTO EXTERNO X] 1919->45 | ANCLAJE TEMPORAL EN: 525
10:05:28.602 DEBUG - [MURO X LIBERADO por tiempo]
10:05:31.064 DEBUG - [SALTO EXTERNO X] 1919->66 | ANCLAJE TEMPORAL EN: 546
10:05:31.822 DEBUG - [MURO X LIBERADO por tiempo]
10:05:32.849 DEBUG - [SALTO EXTERNO X] 0->1895 | ANCLAJE TEMPORAL EN: 1415
10:05:33.600 DEBUG - [MURO X LIBERADO por tiempo]
10:05:35.224 DEBUG - [SALTO EXTERNO X] 1919->5 | ANCLAJE TEMPORAL EN: 485
10:05:35.976 DEBUG - [MURO X LIBERADO por tiempo]
10:05:36.721 DEBUG - [SALTO EXTERNO X] 0->1854 | ANCLAJE TEMPORAL EN: 1374
10:05:37.472 DEBUG - [MURO X LIBERADO por tiempo]
10:05:39.118 DEBUG - [SALTO EXTERNO X] 1919->5 | ANCLAJE TEMPORAL EN: 485
10:05:39.873 DEBUG - [MURO X LIBERADO por tiempo]
10:05:41.266 DEBUG - [SALTO EXTERNO X] 1919->45 | ANCLAJE TEMPORAL EN: 525
10:05:42.021 DEBUG - [MURO X LIBERADO por tiempo]
10:05:43.655 DEBUG - [SALTO EXTERNO X] 1919->65 | ANCLAJE TEMPORAL EN: 545
10:05:44.407 DEBUG - [MURO X LIBERADO por tiempo]
10:05:45.177 DEBUG - [SALTO EXTERNO X] 0->1855 | ANCLAJE TEMPORAL EN: 1375
10:05:45.931 DEBUG - [MURO X LIBERADO por tiempo]
10:05:47.196 DEBUG - [SALTO EXTERNO X] 1919->65 | ANCLAJE TEMPORAL EN: 545
10:05:47.956 DEBUG - [MURO X LIBERADO por tiempo]
10:05:48.745 DEBUG - [SALTO EXTERNO X] 0->1855 | ANCLAJE TEMPORAL EN: 1375
10:05:49.498 DEBUG - [MURO X LIBERADO por tiempo]
10:06:50.491 DEBUG - [SALTO EXTERNO X] 1919->5 | ANCLAJE TEMPORAL EN: 485
10:06:51.249 DEBUG - [MURO X LIBERADO por tiempo]
10:06:53.793 DEBUG - [SALTO EXTERNO X] 1919->5 | ANCLAJE TEMPORAL EN: 485
10:06:54.163 DEBUG - [MURO X LIBERADO por movimiento opuesto]
10:06:54.487 DEBUG - [SALTO EXTERNO X] 0->1915 | ANCLAJE TEMPORAL EN: 1435
10:06:55.238 DEBUG - [MURO X LIBERADO por tiempo]
10:06:56.338 DEBUG - [SALTO EXTERNO X] 1919->25 | ANCLAJE TEMPORAL EN: 505
10:06:57.091 DEBUG - [MURO X LIBERADO por tiempo]
10:06:59.324 DEBUG - [SALTO EXTERNO Y] 0->1195 | ANCLAJE TEMPORAL EN: 895
10:06:59.942 DEBUG - [MURO Y LIBERADO por movimiento opuesto]
10:07:00.154 DEBUG - [SALTO EXTERNO Y] 1199->5 | ANCLAJE TEMPORAL EN: 305
10:07:00.907 DEBUG - [MURO Y LIBERADO por tiempo]
10:07:03.591 DEBUG - [SALTO EXTERNO Y] 17->1198 | ANCLAJE TEMPORAL EN: 898
10:07:04.343 DEBUG - [MURO Y LIBERADO por tiempo]
10:07:05.076 DEBUG - [SALTO EXTERNO Y] 1199->5 | ANCLAJE TEMPORAL EN: 305
10:07:05.541 DEBUG - [MURO Y LIBERADO por movimiento opuesto]
10:07:06.001 DEBUG - [SALTO EXTERNO Y] 0->1195 | ANCLAJE TEMPORAL EN: 895
10:07:06.555 DEBUG - [MURO Y LIBERADO por movimiento opuesto]
10:07:06.769 DEBUG - [SALTO EXTERNO Y] 1199->13 | ANCLAJE TEMPORAL EN: 313
10:07:07.265 DEBUG - [MURO Y LIBERADO por movimiento opuesto]
10:07:07.726 DEBUG - [SALTO EXTERNO Y] 0->1195 | ANCLAJE TEMPORAL EN: 895
10:07:08.416 DEBUG - [MURO Y LIBERADO por movimiento opuesto]
10:07:08.636 DEBUG - [SALTO EXTERNO Y] 1199->19 | ANCLAJE TEMPORAL EN: 319
10:07:09.253 DEBUG - [MURO Y LIBERADO por movimiento opuesto]
10:07:11.852 DEBUG - [SALTO EXTERNO Y] 0->1195 | ANCLAJE TEMPORAL EN: 895
10:07:12.592 DEBUG - [MURO Y LIBERADO por movimiento opuesto]
10:07:13.044 DEBUG - [SALTO EXTERNO Y] 1199->5 | ANCLAJE TEMPORAL EN: 305
10:07:13.661 DEBUG - [MURO Y LIBERADO por movimiento opuesto]
10:07:18.174 DEBUG - [SALTO EXTERNO Y] 22->1196 | ANCLAJE TEMPORAL EN: 896
10:07:18.185 DEBUG - [MURO Y LIBERADO por movimiento opuesto]
10:07:18.883 DEBUG - [SALTO EXTERNO Y] 1199->5 | ANCLAJE TEMPORAL EN: 305
10:07:18.927 DEBUG - [MURO Y LIBERADO por movimiento opuesto]
10:07:19.597 DEBUG - [SALTO EXTERNO Y] 0->1195 | ANCLAJE TEMPORAL EN: 895
10:07:20.357 DEBUG - [MURO Y LIBERADO por tiempo]
10:07:50.722 DEBUG - [SALTO EXTERNO X] 1919->5 | ANCLAJE TEMPORAL EN: 485
10:07:50.858 DEBUG - [MURO X LIBERADO por movimiento opuesto]
10:07:51.423 DEBUG - [SALTO EXTERNO X] 0->1906 | ANCLAJE TEMPORAL EN: 1426
10:07:52.179 DEBUG - [MURO X LIBERADO por tiempo]
10:07:54.124 DEBUG - [SALTO EXTERNO X] 1919->5 | ANCLAJE TEMPORAL EN: 485
10:07:54.880 DEBUG - [MURO X LIBERADO por tiempo]
10:07:55.226 DEBUG - [SALTO EXTERNO X] 0->1892 | ANCLAJE TEMPORAL EN: 1412
10:07:55.983 DEBUG - [MURO X LIBERADO por tiempo]
10:07:57.486 DEBUG - [SALTO EXTERNO X] 1919->25 | ANCLAJE TEMPORAL EN: 505
10:07:58.247 DEBUG - [MURO X LIBERADO por tiempo]
10:07:59.101 DEBUG - [SALTO EXTERNO X] 0->1855 | ANCLAJE TEMPORAL EN: 1375
10:07:59.862 DEBUG - [MURO X LIBERADO por tiempo]
10:08:01.566 DEBUG - [SALTO EXTERNO X] 1919->45 | ANCLAJE TEMPORAL EN: 525
10:08:02.316 DEBUG - [MURO X LIBERADO por tiempo]
10:08:03.388 DEBUG - [SALTO EXTERNO X] 0->1915 | ANCLAJE TEMPORAL EN: 1435
10:08:04.143 DEBUG - [MURO X LIBERADO por tiempo]
10:08:04.902 DEBUG - [SALTO EXTERNO X] 1919->5 | ANCLAJE TEMPORAL EN: 485
10:08:05.659 DEBUG - [MURO X LIBERADO por tiempo]
10:08:06.100 DEBUG - [SALTO EXTERNO X] 0->1915 | ANCLAJE TEMPORAL EN: 1435
10:08:06.854 DEBUG - [MURO X LIBERADO por tiempo]
10:08:08.853 DEBUG - [SALTO EXTERNO X] 1919->5 | ANCLAJE TEMPORAL EN: 485
10:08:09.607 DEBUG - [MURO X LIBERADO por tiempo]
10:08:12.124 DEBUG - [SALTO EXTERNO X] 1919->5 | ANCLAJE TEMPORAL EN: 485
10:08:12.877 DEBUG - [MURO X LIBERADO por tiempo]
10:08:17.542 INFO - ==========================================
10:08:17.542 INFO - SISTEMA REINICIADO CON DPI AWARENESS
10:08:17.542 INFO - ARCHIVO DE LOGS: D:\scripts\status script\f22_debug.log
10:08:17.543 INFO - ==========================================
10:08:20.957 DEBUG - [SALTO EXTERNO X] 1919->45 | ANCLAJE TEMPORAL EN: 525
10:08:21.713 DEBUG - [MURO X LIBERADO por tiempo]
10:08:22.523 DEBUG - [SALTO EXTERNO X] 0->1875 | ANCLAJE TEMPORAL EN: 1395
10:08:23.274 DEBUG - [MURO X LIBERADO por tiempo]
10:08:24.147 DEBUG - [SALTO EXTERNO X] 1919->65 | ANCLAJE TEMPORAL EN: 545
10:08:24.905 DEBUG - [MURO X LIBERADO por tiempo]
10:08:25.852 DEBUG - [SALTO EXTERNO X] 0->1874 | ANCLAJE TEMPORAL EN: 1394
10:08:26.603 DEBUG - [MURO X LIBERADO por tiempo]
10:08:27.018 DEBUG - [SALTO EXTERNO X] 0->1915 | ANCLAJE TEMPORAL EN: 1435
10:08:27.776 DEBUG - [MURO X LIBERADO por tiempo]
10:08:28.458 DEBUG - [SALTO EXTERNO X] 1919->45 | ANCLAJE TEMPORAL EN: 525
10:08:29.209 DEBUG - [MURO X LIBERADO por tiempo]
10:08:30.276 DEBUG - [SALTO EXTERNO X] 1919->65 | ANCLAJE TEMPORAL EN: 545
10:08:31.029 DEBUG - [MURO X LIBERADO por tiempo]
10:08:32.015 DEBUG - [SALTO EXTERNO X] 0->1895 | ANCLAJE TEMPORAL EN: 1415
10:08:32.771 DEBUG - [MURO X LIBERADO por tiempo]
10:08:33.406 DEBUG - [SALTO EXTERNO X] 1919->5 | ANCLAJE TEMPORAL EN: 485
10:08:34.165 DEBUG - [MURO X LIBERADO por tiempo]
10:08:35.151 DEBUG - [SALTO EXTERNO X] 1919->25 | ANCLAJE TEMPORAL EN: 505
10:08:35.910 DEBUG - [MURO X LIBERADO por tiempo]
10:08:36.929 DEBUG - [SALTO EXTERNO X] 1919->5 | ANCLAJE TEMPORAL EN: 485
10:08:37.681 DEBUG - [MURO X LIBERADO por tiempo]
10:08:39.111 DEBUG - [SALTO EXTERNO X] 0->1915 | ANCLAJE TEMPORAL EN: 1435
10:08:39.871 DEBUG - [MURO X LIBERADO por tiempo]
10:08:39.955 DEBUG - [SALTO EXTERNO X] 1919->5 | ANCLAJE TEMPORAL EN: 485
10:08:40.715 DEBUG - [MURO X LIBERADO por tiempo]
10:08:43.676 DEBUG - [SALTO EXTERNO X] 1919->45 | ANCLAJE TEMPORAL EN: 525
10:08:44.435 DEBUG - [MURO X LIBERADO por tiempo]
10:08:47.212 DEBUG - [SALTO EXTERNO X] 0->1895 | ANCLAJE TEMPORAL EN: 1415
10:08:47.963 DEBUG - [MURO X LIBERADO por tiempo]
10:08:49.303 DEBUG - [SALTO EXTERNO X] 1919->65 | ANCLAJE TEMPORAL EN: 545
10:08:50.059 DEBUG - [MURO X LIBERADO por tiempo]
10:08:50.852 DEBUG - [SALTO EXTERNO X] 0->1895 | ANCLAJE TEMPORAL EN: 1415
10:08:51.604 DEBUG - [MURO X LIBERADO por tiempo]
10:08:52.698 DEBUG - [SALTO EXTERNO X] 1919->45 | ANCLAJE TEMPORAL EN: 525
10:08:53.451 DEBUG - [MURO X LIBERADO por tiempo]
10:08:54.412 DEBUG - [SALTO EXTERNO X] 0->1915 | ANCLAJE TEMPORAL EN: 1435
10:08:55.166 DEBUG - [MURO X LIBERADO por tiempo]
10:08:55.697 DEBUG - [SALTO EXTERNO X] 1919->66 | ANCLAJE TEMPORAL EN: 546
10:08:56.454 DEBUG - [MURO X LIBERADO por tiempo]
10:08:57.237 DEBUG - [SALTO EXTERNO X] 0->1875 | ANCLAJE TEMPORAL EN: 1395
10:08:57.993 DEBUG - [MURO X LIBERADO por tiempo]
10:08:58.524 DEBUG - [SALTO EXTERNO X] 1919->45 | ANCLAJE TEMPORAL EN: 525
10:08:59.276 DEBUG - [MURO X LIBERADO por tiempo]
10:09:07.652 DEBUG - [SALTO EXTERNO X] 0->1915 | ANCLAJE TEMPORAL EN: 1435
10:09:08.411 DEBUG - [MURO X LIBERADO por tiempo]
10:12:06.019 DEBUG - [SALTO EXTERNO X] 1919->5 | ANCLAJE TEMPORAL EN: 485
10:12:06.743 DEBUG - [MURO X LIBERADO por movimiento opuesto]
10:12:08.380 DEBUG - [SALTO EXTERNO X] 0->1915 | ANCLAJE TEMPORAL EN: 1435
10:12:09.133 DEBUG - [MURO X LIBERADO por tiempo]
10:21:52.378 INFO - ==========================================
10:21:52.379 INFO - SISTEMA REINICIADO CON DPI AWARENESS
10:21:52.379 INFO - ARCHIVO DE LOGS: D:\scripts\status script\f22_debug.log
10:21:52.379 INFO - ==========================================
10:21:57.548 DEBUG - [SALTO EXTERNO X] 1919->25 | ANCLAJE EN: 505
10:21:57.561 DEBUG - [MURO X LIBERADO por movimiento opuesto]
10:21:58.256 DEBUG - [SALTO EXTERNO X] 1919->5 | ANCLAJE EN: 485
10:21:58.433 DEBUG - [MURO X LIBERADO por movimiento opuesto]
10:21:59.826 DEBUG - [SALTO EXTERNO X] 1919->5 | ANCLAJE EN: 485
10:22:00.632 DEBUG - [MURO X LIBERADO por tiempo]
10:22:01.405 DEBUG - [SALTO EXTERNO X] 0->1895 | ANCLAJE EN: 1415
10:22:02.209 DEBUG - [MURO X LIBERADO por tiempo]
10:22:03.545 DEBUG - [SALTO EXTERNO X] 1919->45 | ANCLAJE EN: 525
10:22:03.556 DEBUG - [MURO X LIBERADO por movimiento opuesto]
10:22:04.254 DEBUG - [SALTO EXTERNO X] 1919->5 | ANCLAJE EN: 485
10:22:05.058 DEBUG - [MURO X LIBERADO por tiempo]
10:22:06.715 DEBUG - [SALTO EXTERNO X] 1919->66 | ANCLAJE EN: 546
10:22:07.516 DEBUG - [MURO X LIBERADO por tiempo]
10:22:08.154 DEBUG - [SALTO EXTERNO X] 0->1875 | ANCLAJE EN: 1395
10:22:08.961 DEBUG - [MURO X LIBERADO por tiempo]
10:22:09.764 DEBUG - [SALTO EXTERNO X] 1919->45 | ANCLAJE EN: 525
10:22:10.571 DEBUG - [MURO X LIBERADO por tiempo]
10:22:11.259 DEBUG - [SALTO EXTERNO X] 0->1875 | ANCLAJE EN: 1395
10:22:12.065 DEBUG - [MURO X LIBERADO por tiempo]
10:22:12.585 DEBUG - [SALTO EXTERNO X] 1919->25 | ANCLAJE EN: 505
10:22:13.390 DEBUG - [MURO X LIBERADO por tiempo]
10:22:14.396 DEBUG - [SALTO EXTERNO X] 1919->65 | ANCLAJE EN: 545
10:22:15.054 DEBUG - [MURO X LIBERADO por movimiento opuesto]
10:22:15.489 DEBUG - [SALTO EXTERNO X] 0->1855 | ANCLAJE EN: 1375
10:22:16.295 DEBUG - [MURO X LIBERADO por tiempo]
10:22:18.151 DEBUG - [SALTO EXTERNO X] 1919->5 | ANCLAJE EN: 485
10:22:18.258 DEBUG - [MURO X LIBERADO por movimiento opuesto]
10:22:20.260 DEBUG - [SALTO EXTERNO X] 1919->25 | ANCLAJE EN: 505
10:22:21.065 DEBUG - [MURO X LIBERADO por tiempo]
10:22:22.322 DEBUG - [SALTO EXTERNO X] 0->1855 | ANCLAJE EN: 1375
10:22:23.131 DEBUG - [MURO X LIBERADO por tiempo]
10:22:24.253 DEBUG - [SALTO EXTERNO X] 1919->65 | ANCLAJE EN: 545
10:22:25.062 DEBUG - [MURO X LIBERADO por tiempo]
10:22:26.149 DEBUG - [SALTO EXTERNO X] 1919->45 | ANCLAJE EN: 525
10:22:26.952 DEBUG - [MURO X LIBERADO por tiempo]
10:22:27.740 DEBUG - [SALTO EXTERNO X] 0->1875 | ANCLAJE EN: 1395
10:22:28.544 DEBUG - [MURO X LIBERADO por tiempo]
10:22:30.074 DEBUG - [SALTO EXTERNO X] 1919->25 | ANCLAJE EN: 505
10:22:30.877 DEBUG - [MURO X LIBERADO por tiempo]
10:22:31.719 DEBUG - [SALTO EXTERNO X] 0->1855 | ANCLAJE EN: 1375
10:22:32.525 DEBUG - [MURO X LIBERADO por tiempo]
10:22:33.173 DEBUG - [SALTO EXTERNO X] 1919->66 | ANCLAJE EN: 546
10:22:33.983 DEBUG - [MURO X LIBERADO por tiempo]
10:22:34.390 DEBUG - [SALTO EXTERNO X] 1919->66 | ANCLAJE EN: 546
10:22:35.199 DEBUG - [MURO X LIBERADO por tiempo]
10:22:37.290 DEBUG - [SALTO EXTERNO X] 1919->46 | ANCLAJE EN: 526
10:22:38.100 DEBUG - [MURO X LIBERADO por tiempo]
10:22:40.492 DEBUG - [SALTO EXTERNO X] 0->1875 | ANCLAJE EN: 1395
10:22:41.296 DEBUG - [MURO X LIBERADO por tiempo]
10:22:42.384 DEBUG - [SALTO EXTERNO X] 0->1855 | ANCLAJE EN: 1375
10:22:43.190 DEBUG - [MURO X LIBERADO por tiempo]
10:22:44.042 DEBUG - [SALTO EXTERNO X] 1919->5 | ANCLAJE EN: 485
10:22:44.847 DEBUG - [MURO X LIBERADO por tiempo]
10:22:45.521 DEBUG - [SALTO EXTERNO X] 0->1875 | ANCLAJE EN: 1395
10:22:45.532 DEBUG - [MURO X LIBERADO por movimiento opuesto]
10:22:46.227 DEBUG - [SALTO EXTERNO X] 0->1875 | ANCLAJE EN: 1395
10:22:47.031 DEBUG - [MURO X LIBERADO por tiempo]
10:22:47.437 DEBUG - [SALTO EXTERNO X] 0->1915 | ANCLAJE EN: 1435
10:22:48.242 DEBUG - [MURO X LIBERADO por tiempo]
10:22:49.096 DEBUG - [SALTO EXTERNO X] 0->1855 | ANCLAJE EN: 1375
10:22:49.898 DEBUG - [MURO X LIBERADO por tiempo]
10:22:50.364 DEBUG - [SALTO EXTERNO X] 1919->45 | ANCLAJE EN: 525
10:22:51.128 DEBUG - [MURO X LIBERADO por movimiento opuesto]
10:22:51.629 DEBUG - [SALTO EXTERNO X] 0->1855 | ANCLAJE EN: 1375
10:22:52.342 DEBUG - [MURO X LIBERADO por movimiento opuesto]
10:22:52.802 DEBUG - [SALTO EXTERNO X] 1919->65 | ANCLAJE EN: 545
10:22:53.608 DEBUG - [MURO X LIBERADO por tiempo]
10:22:54.299 DEBUG - [SALTO EXTERNO X] 0->1895 | ANCLAJE EN: 1415
10:22:55.093 DEBUG - [MURO X LIBERADO por movimiento opuesto]
10:22:55.510 DEBUG - [SALTO EXTERNO X] 1919->5 | ANCLAJE EN: 485
10:22:55.521 DEBUG - [MURO X LIBERADO por movimiento opuesto]
10:22:56.224 DEBUG - [SALTO EXTERNO X] 1919->5 | ANCLAJE EN: 485
10:22:57.031 DEBUG - [MURO X LIBERADO por tiempo]
10:22:57.532 DEBUG - [SALTO EXTERNO X] 0->1875 | ANCLAJE EN: 1395
10:22:58.337 DEBUG - [MURO X LIBERADO por tiempo]
10:22:59.092 DEBUG - [SALTO EXTERNO X] 1919->45 | ANCLAJE EN: 525
10:22:59.895 DEBUG - [MURO X LIBERADO por tiempo]
10:23:00.916 DEBUG - [SALTO EXTERNO X] 0->1901 | ANCLAJE EN: 1421
10:23:01.726 DEBUG - [MURO X LIBERADO por tiempo]
10:23:02.319 DEBUG - [SALTO EXTERNO X] 1919->65 | ANCLAJE EN: 545
10:23:03.119 DEBUG - [MURO X LIBERADO por tiempo]
10:23:11.088 DEBUG - [SALTO EXTERNO Y] 1199->5 | ANCLAJE EN: 305
10:23:11.360 DEBUG - [MURO Y LIBERADO por movimiento opuesto]
10:23:12.630 DEBUG - [SALTO EXTERNO Y] 0->1195 | ANCLAJE EN: 895
10:23:13.257 DEBUG - [MURO Y LIBERADO por movimiento opuesto]
10:23:13.611 DEBUG - [SALTO EXTERNO Y] 1199->5 | ANCLAJE EN: 305
10:23:14.413 DEBUG - [MURO Y LIBERADO por tiempo]
10:23:16.190 DEBUG - [SALTO EXTERNO Y] 0->1195 | ANCLAJE EN: 895
10:23:16.998 DEBUG - [MURO Y LIBERADO por tiempo]
10:23:18.002 DEBUG - [SALTO EXTERNO X] 0->1915 | ANCLAJE EN: 1435
10:23:18.806 DEBUG - [MURO X LIBERADO por tiempo]
10:23:19.702 DEBUG - [SALTO EXTERNO X] 1919->5 | ANCLAJE EN: 485
10:23:20.507 DEBUG - [MURO X LIBERADO por tiempo]
10:23:21.022 DEBUG - [SALTO EXTERNO X] 0->1915 | ANCLAJE EN: 1435
10:23:21.830 DEBUG - [MURO X LIBERADO por tiempo]
10:23:22.448 DEBUG - [SALTO EXTERNO X] 1919->5 | ANCLAJE EN: 485
10:23:23.255 DEBUG - [MURO X LIBERADO por tiempo]
10:23:23.701 DEBUG - [SALTO EXTERNO X] 0->1915 | ANCLAJE EN: 1435
10:23:24.503 DEBUG - [MURO X LIBERADO por tiempo]
10:23:25.131 DEBUG - [SALTO EXTERNO X] 1919->5 | ANCLAJE EN: 485
10:23:25.934 DEBUG - [MURO X LIBERADO por tiempo]
10:23:26.532 DEBUG - [SALTO EXTERNO X] 0->1915 | ANCLAJE EN: 1435
10:23:27.341 DEBUG - [MURO X LIBERADO por tiempo]
10:23:30.119 DEBUG - [SALTO EXTERNO Y] 0->1195 | ANCLAJE EN: 895
10:23:30.929 DEBUG - [MURO Y LIBERADO por tiempo]
10:23:32.187 DEBUG - [SALTO EXTERNO Y] 1199->5 | ANCLAJE EN: 305
10:23:32.996 DEBUG - [MURO Y LIBERADO por tiempo]
10:23:34.073 DEBUG - [SALTO EXTERNO Y] 0->1195 | ANCLAJE EN: 895
10:23:34.713 DEBUG - [MURO Y LIBERADO por movimiento opuesto]
10:23:35.068 DEBUG - [SALTO EXTERNO Y] 1199->5 | ANCLAJE EN: 305
10:23:35.850 DEBUG - [MURO Y LIBERADO por movimiento opuesto]
10:23:36.202 DEBUG - [SALTO EXTERNO Y] 0->1195 | ANCLAJE EN: 895
10:23:37.010 DEBUG - [MURO Y LIBERADO por tiempo]
10:23:37.820 DEBUG - [SALTO EXTERNO Y] 1199->5 | ANCLAJE EN: 305
10:23:38.630 DEBUG - [MURO Y LIBERADO por tiempo]
10:23:39.658 DEBUG - [SALTO EXTERNO Y] 0->1195 | ANCLAJE EN: 895
10:23:40.461 DEBUG - [MURO Y LIBERADO por tiempo]
10:23:41.841 DEBUG - [SALTO EXTERNO Y] 1199->5 | ANCLAJE EN: 305
10:23:42.643 DEBUG - [MURO Y LIBERADO por tiempo]
10:23:44.615 DEBUG - [SALTO EXTERNO Y] 0->1195 | ANCLAJE EN: 895
10:23:45.425 DEBUG - [MURO Y LIBERADO por tiempo]
10:23:46.135 DEBUG - [SALTO EXTERNO X] 1919->5 | ANCLAJE EN: 485
10:23:46.945 DEBUG - [MURO X LIBERADO por tiempo]
10:23:47.540 DEBUG - [SALTO EXTERNO X] 0->1915 | ANCLAJE EN: 1435
10:23:48.340 DEBUG - [MURO X LIBERADO por tiempo]
10:23:50.049 DEBUG - [SALTO EXTERNO X] 1919->5 | ANCLAJE EN: 485
10:23:50.850 DEBUG - [MURO X LIBERADO por tiempo]
10:23:51.639 DEBUG - [SALTO EXTERNO X] 0->1915 | ANCLAJE EN: 1435
10:23:52.442 DEBUG - [MURO X LIBERADO por tiempo]
10:23:53.497 DEBUG - [SALTO EXTERNO X] 1919->5 | ANCLAJE EN: 485
10:23:54.307 DEBUG - [MURO X LIBERADO por tiempo]
10:23:56.222 DEBUG - [SALTO EXTERNO Y] 0->1195 | ANCLAJE EN: 895
10:23:57.025 DEBUG - [MURO Y LIBERADO por tiempo]
10:23:57.531 DEBUG - [SALTO EXTERNO Y] 1199->5 | ANCLAJE EN: 305
10:23:58.341 DEBUG - [MURO Y LIBERADO por tiempo]
10:23:59.004 DEBUG - [SALTO EXTERNO Y] 0->1195 | ANCLAJE EN: 895
10:23:59.809 DEBUG - [MURO Y LIBERADO por tiempo]
10:24:00.224 DEBUG - [SALTO EXTERNO X] 0->1915 | ANCLAJE EN: 1435
10:24:01.031 DEBUG - [MURO X LIBERADO por tiempo]
10:24:02.079 DEBUG - [SALTO EXTERNO X] 1919->5 | ANCLAJE EN: 485
10:24:02.883 DEBUG - [MURO X LIBERADO por tiempo]
10:24:04.191 DEBUG - [SALTO EXTERNO X] 0->1915 | ANCLAJE EN: 1435
10:24:04.996 DEBUG - [MURO X LIBERADO por tiempo]
10:24:06.467 DEBUG - [SALTO EXTERNO X] 1919->5 | ANCLAJE EN: 485
10:24:07.273 DEBUG - [MURO X LIBERADO por tiempo]
10:24:07.824 DEBUG - [SALTO EXTERNO X] 0->1915 | ANCLAJE EN: 1435
10:24:08.634 DEBUG - [MURO X LIBERADO por tiempo]
10:24:11.210 DEBUG - [SALTO EXTERNO X] 1919->5 | ANCLAJE EN: 485
10:24:12.014 DEBUG - [MURO X LIBERADO por tiempo]
10:24:12.607 DEBUG - [SALTO EXTERNO X] 0->1895 | ANCLAJE EN: 1415
10:24:12.618 DEBUG - [MURO X LIBERADO por movimiento opuesto]
10:24:14.286 DEBUG - [SALTO EXTERNO X] 1919->45 | ANCLAJE EN: 525
10:24:15.095 DEBUG - [MURO X LIBERADO por tiempo]
10:24:15.615 DEBUG - [SALTO EXTERNO X] 0->1915 | ANCLAJE EN: 1435
10:24:15.626 DEBUG - [MURO X LIBERADO por movimiento opuesto]
10:24:17.265 DEBUG - [SALTO EXTERNO Y] 0->1175 | ANCLAJE EN: 875
10:24:18.071 DEBUG - [MURO Y LIBERADO por tiempo]
10:24:18.540 DEBUG - [SALTO EXTERNO Y] 1199->5 | ANCLAJE EN: 305
10:24:19.346 DEBUG - [MURO Y LIBERADO por tiempo]
10:24:20.874 DEBUG - [SALTO EXTERNO X] 1919->65 | ANCLAJE EN: 545
10:24:21.674 DEBUG - [MURO X LIBERADO por tiempo]
10:24:22.533 DEBUG - [SALTO EXTERNO X] 0->1915 | ANCLAJE EN: 1435
10:24:23.343 DEBUG - [MURO X LIBERADO por tiempo]
10:24:24.309 DEBUG - [SALTO EXTERNO X] 1919->5 | ANCLAJE EN: 485
10:24:25.111 DEBUG - [MURO X LIBERADO por tiempo]
10:24:25.553 DEBUG - [SALTO EXTERNO X] 0->1895 | ANCLAJE EN: 1415
10:24:26.363 DEBUG - [MURO X LIBERADO por tiempo]
10:24:26.901 DEBUG - [SALTO EXTERNO X] 1919->65 | ANCLAJE EN: 545
10:24:26.912 DEBUG - [MURO X LIBERADO por movimiento opuesto]
10:24:28.474 DEBUG - [SALTO EXTERNO X] 1919->45 | ANCLAJE EN: 525
10:24:29.276 DEBUG - [MURO X LIBERADO por tiempo]
10:24:30.258 DEBUG - [SALTO EXTERNO X] 0->1915 | ANCLAJE EN: 1435
10:24:30.270 DEBUG - [MURO X LIBERADO por movimiento opuesto]
10:24:31.895 DEBUG - [SALTO EXTERNO X] 0->1915 | ANCLAJE EN: 1435
10:24:32.703 DEBUG - [MURO X LIBERADO por tiempo]
10:24:34.213 DEBUG - [SALTO EXTERNO X] 1919->5 | ANCLAJE EN: 485
10:24:35.021 DEBUG - [MURO X LIBERADO por tiempo]
10:24:35.951 DEBUG - [SALTO EXTERNO X] 0->1915 | ANCLAJE EN: 1435
10:24:36.755 DEBUG - [MURO X LIBERADO por tiempo]
10:24:37.409 DEBUG - [SALTO EXTERNO X] 1919->25 | ANCLAJE EN: 505
10:24:38.213 DEBUG - [MURO X LIBERADO por tiempo]
10:24:38.718 DEBUG - [SALTO EXTERNO X] 0->1915 | ANCLAJE EN: 1435
10:24:39.523 DEBUG - [MURO X LIBERADO por tiempo]
10:24:40.648 DEBUG - [SALTO EXTERNO X] 1919->5 | ANCLAJE EN: 485
10:24:41.456 DEBUG - [MURO X LIBERADO por tiempo]
10:24:42.887 DEBUG - [SALTO EXTERNO X] 1919->5 | ANCLAJE EN: 485
10:24:43.697 DEBUG - [MURO X LIBERADO por tiempo]
10:24:43.897 DEBUG - [SALTO EXTERNO Y] 0->1195 | ANCLAJE EN: 895
10:24:44.707 DEBUG - [MURO Y LIBERADO por tiempo]
10:24:45.160 DEBUG - [SALTO EXTERNO Y] 1199->5 | ANCLAJE EN: 305
10:24:45.962 DEBUG - [MURO Y LIBERADO por tiempo]
10:24:48.358 DEBUG - [SALTO EXTERNO Y] 1199->5 | ANCLAJE EN: 305
10:24:49.019 DEBUG - [MURO Y LIBERADO por movimiento opuesto]
10:24:49.384 DEBUG - [SALTO EXTERNO Y] 0->1195 | ANCLAJE EN: 895
10:24:50.186 DEBUG - [MURO Y LIBERADO por tiempo]
10:24:50.656 DEBUG - [SALTO EXTERNO Y] 1199->5 | ANCLAJE EN: 305
10:24:51.474 DEBUG - [MURO Y LIBERADO por tiempo]
10:24:52.189 DEBUG - [SALTO EXTERNO Y] 0->1195 | ANCLAJE EN: 895
10:24:52.994 DEBUG - [MURO Y LIBERADO por tiempo]
10:24:53.598 DEBUG - [SALTO EXTERNO Y] 0->1195 | ANCLAJE EN: 895
10:24:53.610 DEBUG - [MURO Y LIBERADO por movimiento opuesto]
10:24:54.398 DEBUG - [SALTO EXTERNO Y] 1199->5 | ANCLAJE EN: 305
10:24:55.199 DEBUG - [MURO Y LIBERADO por tiempo]
10:24:58.210 DEBUG - [SALTO EXTERNO Y] 0->1195 | ANCLAJE EN: 895
10:24:59.019 DEBUG - [MURO Y LIBERADO por tiempo]
10:24:59.415 DEBUG - [SALTO EXTERNO Y] 1199->5 | ANCLAJE EN: 305
10:25:00.222 DEBUG - [MURO Y LIBERADO por tiempo]
10:25:01.823 DEBUG - [SALTO EXTERNO Y] 0->1195 | ANCLAJE EN: 895
10:25:02.435 DEBUG - [MURO Y LIBERADO por movimiento opuesto]
10:26:57.928 DEBUG - [SALTO EXTERNO X] 1919->5 | ANCLAJE EN: 485
10:26:58.734 DEBUG - [MURO X LIBERADO por tiempo]
10:27:48.842 DEBUG - [SALTO EXTERNO X] 0->1915 | ANCLAJE EN: 1435
10:27:49.492 DEBUG - [MURO X LIBERADO por movimiento opuesto]
10:27:50.973 DEBUG - [SALTO EXTERNO X] 1919->5 | ANCLAJE EN: 485
10:27:51.150 DEBUG - [MURO X LIBERADO por movimiento opuesto]
10:27:52.461 DEBUG - [SALTO EXTERNO X] 0->1915 | ANCLAJE EN: 1435
10:27:53.189 DEBUG - [MURO X LIBERADO por movimiento opuesto]
10:32:01.735 DEBUG - [SALTO EXTERNO X] 0->1915 | ANCLAJE EN: 1435
10:32:02.544 DEBUG - [MURO X LIBERADO por tiempo]
10:35:40.695 DEBUG - [SALTO EXTERNO X] 0->1915 | ANCLAJE EN: 1435
10:35:40.843 DEBUG - [MURO X LIBERADO por movimiento opuesto]
10:35:42.319 DEBUG - [SALTO EXTERNO X] 1919->5 | ANCLAJE EN: 485
10:35:43.077 DEBUG - [MURO X LIBERADO por movimiento opuesto]
10:35:44.652 INFO - ==========================================
10:35:44.652 INFO - SISTEMA REINICIADO CON DPI AWARENESS
10:35:44.652 INFO - ARCHIVO DE LOGS: D:\scripts\status script\f22_debug.log
10:35:44.652 INFO - ==========================================
10:35:51.487 DEBUG - [SALTO CORTO LIBRE] X:1919->25 | Sin anclaje (Origen a 1px)
10:35:53.149 DEBUG - [SALTO CORTO LIBRE] X:0->1855 | Sin anclaje (Origen a 0px)
10:35:54.665 DEBUG - [SALTO CORTO LIBRE] X:0->1895 | Sin anclaje (Origen a 0px)
10:35:55.372 DEBUG - [SALTO CORTO LIBRE] X:0->1915 | Sin anclaje (Origen a 0px)
10:35:57.391 DEBUG - [SALTO CORTO LIBRE] X:1919->5 | Sin anclaje (Origen a 1px)
10:36:00.479 DEBUG - [SALTO CORTO LIBRE] Y:0->1195 | Sin anclaje (Origen a 0px)
10:36:01.913 DEBUG - [SALTO CORTO LIBRE] Y:1199->5 | Sin anclaje (Origen a 1px)
10:36:02.766 DEBUG - [SALTO CORTO LIBRE] Y:0->1195 | Sin anclaje (Origen a 0px)
10:36:04.316 DEBUG - [SALTO CORTO LIBRE] X:1919->5 | Sin anclaje (Origen a 1px)
10:36:05.324 DEBUG - [SALTO CORTO LIBRE] X:0->1892 | Sin anclaje (Origen a 0px)
10:36:06.672 DEBUG - [SALTO CORTO LIBRE] X:1919->5 | Sin anclaje (Origen a 1px)
10:36:09.033 DEBUG - [SALTO CORTO LIBRE] X:0->1915 | Sin anclaje (Origen a 0px)
10:36:12.549 DEBUG - [SALTO CORTO LIBRE] X:1919->25 | Sin anclaje (Origen a 1px)
10:36:13.963 DEBUG - [SALTO CORTO LIBRE] X:0->1915 | Sin anclaje (Origen a 0px)
10:36:14.672 DEBUG - [SALTO CORTO LIBRE] X:0->1915 | Sin anclaje (Origen a 0px)
10:36:16.086 DEBUG - [SALTO CORTO LIBRE] X:0->1875 | Sin anclaje (Origen a 0px)
10:36:16.787 DEBUG - [SALTO CORTO LIBRE] X:0->1915 | Sin anclaje (Origen a 0px)
10:36:17.496 DEBUG - [SALTO CORTO LIBRE] X:0->1915 | Sin anclaje (Origen a 0px)
10:36:19.107 DEBUG - [SALTO CORTO LIBRE] X:1919->45 | Sin anclaje (Origen a 1px)
10:36:22.402 DEBUG - [SALTO CORTO LIBRE] X:1919->66 | Sin anclaje (Origen a 1px)
10:36:24.639 DEBUG - [SALTO CORTO LIBRE] X:1919->66 | Sin anclaje (Origen a 1px)
10:36:27.234 DEBUG - [SALTO CORTO LIBRE] X:1919->65 | Sin anclaje (Origen a 1px)
10:36:29.870 DEBUG - [SALTO CORTO LIBRE] X:1919->5 | Sin anclaje (Origen a 1px)
10:36:34.504 DEBUG - [SALTO CORTO LIBRE] Y:0->1195 | Sin anclaje (Origen a 0px)
10:36:35.538 DEBUG - [SALTO CORTO LIBRE] Y:1199->5 | Sin anclaje (Origen a 1px)
10:36:36.243 DEBUG - [SALTO CORTO LIBRE] Y:0->1195 | Sin anclaje (Origen a 0px)
10:36:37.210 DEBUG - [SALTO CORTO LIBRE] Y:1199->5 | Sin anclaje (Origen a 1px)
10:36:37.926 DEBUG - [SALTO CORTO LIBRE] Y:0->1195 | Sin anclaje (Origen a 0px)
10:36:39.593 DEBUG - [SALTO CORTO LIBRE] X:1919->5 | Sin anclaje (Origen a 1px)
10:36:40.405 DEBUG - [SALTO CORTO LIBRE] X:0->1915 | Sin anclaje (Origen a 0px)
10:36:41.925 DEBUG - [SALTO CORTO LIBRE] X:1919->5 | Sin anclaje (Origen a 1px)
10:36:46.210 DEBUG - [SALTO CORTO LIBRE] X:1919->5 | Sin anclaje (Origen a 1px)
10:36:48.629 DEBUG - [SALTO CORTO LIBRE] X:1919->25 | Sin anclaje (Origen a 1px)
10:36:51.104 DEBUG - [SALTO CORTO LIBRE] X:1919->65 | Sin anclaje (Origen a 1px)
10:36:52.760 DEBUG - [SALTO CORTO LIBRE] X:1919->5 | Sin anclaje (Origen a 1px)
10:36:54.940 DEBUG - [SALTO CORTO LIBRE] X:1919->65 | Sin anclaje (Origen a 1px)
10:36:57.523 DEBUG - [SALTO CORTO LIBRE] X:1919->5 | Sin anclaje (Origen a 1px)
10:37:02.221 DEBUG - [SALTO CORTO LIBRE] X:1919->5 | Sin anclaje (Origen a 1px)
10:37:04.663 DEBUG - [SALTO CORTO LIBRE] X:1919->5 | Sin anclaje (Origen a 1px)
10:37:06.680 DEBUG - [SALTO CORTO LIBRE] X:0->1915 | Sin anclaje (Origen a 0px)
10:37:08.702 DEBUG - [SALTO CORTO LIBRE] Y:1199->5 | Sin anclaje (Origen a 1px)
10:37:09.720 DEBUG - [SALTO CORTO LIBRE] Y:0->1195 | Sin anclaje (Origen a 0px)
10:37:10.829 DEBUG - [SALTO CORTO LIBRE] Y:1199->5 | Sin anclaje (Origen a 1px)
10:37:13.518 DEBUG - [SALTO CORTO LIBRE] X:1919->5 | Sin anclaje (Origen a 1px)
10:37:15.515 DEBUG - [SALTO CORTO LIBRE] X:1919->45 | Sin anclaje (Origen a 1px)
10:37:16.884 DEBUG - [SALTO CORTO LIBRE] X:0->1875 | Sin anclaje (Origen a 0px)
10:37:18.391 DEBUG - [SALTO CORTO LIBRE] X:1919->65 | Sin anclaje (Origen a 1px)
10:37:20.108 DEBUG - [SALTO CORTO LIBRE] X:1919->66 | Sin anclaje (Origen a 1px)
10:37:21.611 DEBUG - [SALTO CORTO LIBRE] X:0->1855 | Sin anclaje (Origen a 0px)
10:37:23.488 DEBUG - [SALTO CORTO LIBRE] X:1919->5 | Sin anclaje (Origen a 1px)
10:37:25.666 DEBUG - [SALTO CORTO LIBRE] Y:0->1195 | Sin anclaje (Origen a 0px)
10:37:26.386 DEBUG - [SALTO CORTO LIBRE] Y:1199->5 | Sin anclaje (Origen a 1px)
10:37:27.098 DEBUG - [SALTO CORTO LIBRE] Y:0->1164 | Sin anclaje (Origen a 0px)
10:37:29.077 DEBUG - [SALTO CORTO LIBRE] Y:0->1195 | Sin anclaje (Origen a 0px)
10:37:30.747 DEBUG - [SALTO CORTO LIBRE] X:1919->65 | Sin anclaje (Origen a 1px)
10:37:32.477 DEBUG - [SALTO CORTO LIBRE] X:0->1915 | Sin anclaje (Origen a 0px)
10:37:34.184 DEBUG - [SALTO CORTO LIBRE] X:1919->5 | Sin anclaje (Origen a 1px)
10:37:35.294 DEBUG - [SALTO CORTO LIBRE] X:0->1900 | Sin anclaje (Origen a 0px)
10:37:36.574 DEBUG - [SALTO CORTO LIBRE] Y:1199->5 | Sin anclaje (Origen a 1px)
10:37:37.906 DEBUG - [SALTO CORTO LIBRE] Y:0->1195 | Sin anclaje (Origen a 0px)
10:37:40.037 DEBUG - [SALTO CORTO LIBRE] Y:1199->5 | Sin anclaje (Origen a 1px)
10:37:40.922 DEBUG - [SALTO CORTO LIBRE] Y:0->1173 | Sin anclaje (Origen a 0px)
10:37:42.064 DEBUG - [SALTO CORTO LIBRE] Y:1199->5 | Sin anclaje (Origen a 1px)
10:37:49.780 DEBUG - [SALTO CORTO LIBRE] Y:1199->5 | Sin anclaje (Origen a 1px)
10:37:50.494 DEBUG - [SALTO CORTO LIBRE] Y:0->1195 | Sin anclaje (Origen a 0px)
10:38:36.978 DEBUG - [SALTO CORTO LIBRE] X:0->1915 | Sin anclaje (Origen a 0px)
10:38:37.687 DEBUG - [SALTO CORTO LIBRE] X:1919->5 | Sin anclaje (Origen a 1px)
10:38:42.278 DEBUG - [SALTO CORTO LIBRE] Y:0->1195 | Sin anclaje (Origen a 0px)
10:38:45.617 DEBUG - [SALTO CORTO LIBRE] Y:0->1175 | Sin anclaje (Origen a 0px)
10:38:46.381 DEBUG - [SALTO CORTO LIBRE] Y:1199->5 | Sin anclaje (Origen a 1px)
10:38:50.871 DEBUG - [SALTO CORTO LIBRE] Y:1199->5 | Sin anclaje (Origen a 1px)
10:38:51.580 DEBUG - [SALTO CORTO LIBRE] Y:37->1195 | Sin anclaje (Origen a 37px)
10:38:52.290 DEBUG - [SALTO CORTO LIBRE] Y:1068->5 | Sin anclaje (Origen a 132px)
10:38:53.487 DEBUG - [SALTO CORTO LIBRE] Y:0->1180 | Sin anclaje (Origen a 0px)
10:38:54.792 DEBUG - [SALTO CORTO LIBRE] X:1919->25 | Sin anclaje (Origen a 1px)
10:38:55.500 DEBUG - [SALTO CORTO LIBRE] X:0->1915 | Sin anclaje (Origen a 0px)
10:39:04.817 DEBUG - [SALTO CORTO LIBRE] X:1919->45 | Sin anclaje (Origen a 1px)
10:39:07.162 DEBUG - [SALTO CORTO LIBRE] X:0->1912 | Sin anclaje (Origen a 0px)
10:39:08.341 DEBUG - [SALTO CORTO LIBRE] X:1919->45 | Sin anclaje (Origen a 1px)
10:39:10.254 DEBUG - [SALTO CORTO LIBRE] X:1919->45 | Sin anclaje (Origen a 1px)
10:39:12.249 DEBUG - [SALTO CORTO LIBRE] X:1919->25 | Sin anclaje (Origen a 1px)
10:39:15.066 DEBUG - [SALTO CORTO LIBRE] X:0->1875 | Sin anclaje (Origen a 0px)
10:39:15.774 DEBUG - [SALTO CORTO LIBRE] X:0->1915 | Sin anclaje (Origen a 0px)
10:39:16.485 DEBUG - [SALTO CORTO LIBRE] X:1919->5 | Sin anclaje (Origen a 1px)
10:39:41.363 DEBUG - [SALTO CORTO LIBRE] Y:0->1195 | Sin anclaje (Origen a 0px)
10:39:43.136 DEBUG - [SALTO CORTO LIBRE] X:1919->5 | Sin anclaje (Origen a 1px)
10:39:43.924 DEBUG - [SALTO CORTO LIBRE] X:0->1908 | Sin anclaje (Origen a 0px)
10:39:44.999 DEBUG - [SALTO CORTO LIBRE] X:1919->5 | Sin anclaje (Origen a 1px)
10:39:46.752 DEBUG - [SALTO CORTO LIBRE] X:0->1915 | Sin anclaje (Origen a 0px)
10:39:47.464 DEBUG - [SALTO CORTO LIBRE] X:1919->5 | Sin anclaje (Origen a 1px)
10:39:48.912 DEBUG - [SALTO CORTO LIBRE] X:1919->5 | Sin anclaje (Origen a 1px)
10:39:50.053 DEBUG - [SALTO CORTO LIBRE] X:0->1908 | Sin anclaje (Origen a 0px)
10:39:55.599 DEBUG - [SALTO CORTO LIBRE] X:1919->5 | Sin anclaje (Origen a 1px)
10:39:56.584 DEBUG - [SALTO CORTO LIBRE] X:0->1900 | Sin anclaje (Origen a 0px)
10:39:57.288 DEBUG - [SALTO CORTO LIBRE] X:1919->5 | Sin anclaje (Origen a 1px)
10:39:58.025 DEBUG - [SALTO CORTO LIBRE] X:0->1915 | Sin anclaje (Origen a 0px)
10:39:59.682 DEBUG - [SALTO CORTO LIBRE] X:1919->5 | Sin anclaje (Origen a 1px)
10:40:00.839 DEBUG - [SALTO CORTO LIBRE] X:0->1915 | Sin anclaje (Origen a 0px)
10:40:04.477 DEBUG - [SALTO CORTO LIBRE] X:1919->5 | Sin anclaje (Origen a 1px)
10:40:06.120 DEBUG - [SALTO CORTO LIBRE] X:1919->5 | Sin anclaje (Origen a 1px)
10:40:07.544 DEBUG - [SALTO CORTO LIBRE] X:1919->25 | Sin anclaje (Origen a 1px)
10:40:09.317 DEBUG - [SALTO CORTO LIBRE] X:0->1855 | Sin anclaje (Origen a 0px)
10:40:10.582 DEBUG - [SALTO CORTO LIBRE] X:1919->45 | Sin anclaje (Origen a 1px)
10:40:11.959 DEBUG - [SALTO CORTO LIBRE] X:0->1895 | Sin anclaje (Origen a 0px)
10:40:14.084 DEBUG - [SALTO CORTO LIBRE] X:1919->5 | Sin anclaje (Origen a 1px)
10:40:16.095 DEBUG - [SALTO CORTO LIBRE] X:0->1915 | Sin anclaje (Origen a 0px)
10:40:16.797 DEBUG - [SALTO CORTO LIBRE] X:1919->5 | Sin anclaje (Origen a 1px)
10:40:18.296 DEBUG - [SALTO CORTO LIBRE] X:1919->5 | Sin anclaje (Origen a 1px)
11:32:18.269 DEBUG - [SALTO CORTO LIBRE] Y:2->1195 | Sin anclaje (Origen a 2px)
11:32:18.978 DEBUG - [SALTO CORTO LIBRE] Y:1199->5 | Sin anclaje (Origen a 1px)
11:32:19.692 DEBUG - [SALTO CORTO LIBRE] Y:0->1193 | Sin anclaje (Origen a 0px)
11:32:30.550 DEBUG - [SALTO CORTO LIBRE] Y:0->1195 | Sin anclaje (Origen a 0px)
11:32:31.259 DEBUG - [SALTO CORTO LIBRE] Y:1199->5 | Sin anclaje (Origen a 1px)
11:32:31.973 DEBUG - [SALTO CORTO LIBRE] Y:0->1182 | Sin anclaje (Origen a 0px)
11:35:40.902 DEBUG - [SALTO CORTO LIBRE] X:0->1915 | Sin anclaje (Origen a 0px)
11:35:41.599 DEBUG - [SALTO CORTO LIBRE] X:1919->7 | Sin anclaje (Origen a 1px)
14:48:40.062 DEBUG - [SALTO LARGO ANCLADO] Y:725->0 | ANCLAJE EN: 300
14:48:40.075 DEBUG - [MURO Y LIBERADO por movimiento opuesto]
14:48:40.599 DEBUG - [SALTO CORTO LIBRE] Y:0->725 | Sin anclaje (Origen a 0px)
14:48:43.658 DEBUG - [SALTO CORTO LIBRE] X:0->1915 | Sin anclaje (Origen a 0px)
14:48:46.195 DEBUG - [SALTO CORTO LIBRE] X:1919->5 | Sin anclaje (Origen a 1px)
14:48:48.392 DEBUG - [SALTO CORTO LIBRE] X:0->1915 | Sin anclaje (Origen a 0px)
14:48:50.892 DEBUG - [SALTO CORTO LIBRE] X:1919->45 | Sin anclaje (Origen a 1px)
14:48:52.391 DEBUG - [SALTO CORTO LIBRE] X:1919->5 | Sin anclaje (Origen a 1px)
14:48:53.805 DEBUG - [SALTO CORTO LIBRE] X:1919->65 | Sin anclaje (Origen a 1px)
14:48:54.517 DEBUG - [SALTO CORTO LIBRE] X:1919->65 | Sin anclaje (Origen a 1px)
14:48:55.223 DEBUG - [SALTO CORTO LIBRE] X:1919->45 | Sin anclaje (Origen a 1px)
14:48:55.927 DEBUG - [SALTO CORTO LIBRE] X:1778->0 | Sin anclaje (Origen a 142px)
14:48:56.628 DEBUG - [SALTO CORTO LIBRE] X:19->1919 | Sin anclaje (Origen a 19px)
14:48:58.473 DEBUG - [SALTO CORTO LIBRE] Y:0->1195 | Sin anclaje (Origen a 0px)
14:48:59.247 DEBUG - [SALTO CORTO LIBRE] Y:1199->20 | Sin anclaje (Origen a 1px)
14:49:00.222 DEBUG - [SALTO CORTO LIBRE] Y:0->1195 | Sin anclaje (Origen a 0px)
14:49:00.929 DEBUG - [SALTO CORTO LIBRE] Y:1199->5 | Sin anclaje (Origen a 1px)
14:49:07.904 DEBUG - [SALTO CORTO LIBRE] Y:0->1195 | Sin anclaje (Origen a 0px)
14:49:10.251 DEBUG - [SALTO CORTO LIBRE] Y:1199->28 | Sin anclaje (Origen a 1px)
14:50:53.158 INFO - ==========================================
14:50:53.158 INFO - SISTEMA REINICIADO CON DPI AWARENESS
14:50:53.158 INFO - ARCHIVO DE LOGS: D:\scripts\status script\f22_debug.log
14:50:53.158 INFO - ==========================================
14:50:57.721 DEBUG - [SALTO CORTO LIBRE] Y:0->1195 | Sin anclaje (Origen a 0px)
14:50:59.019 DEBUG - [SALTO CORTO LIBRE] Y:1199->5 | Sin anclaje (Origen a 1px)
14:51:00.070 DEBUG - [SALTO CORTO LIBRE] Y:0->1195 | Sin anclaje (Origen a 0px)
14:51:02.536 DEBUG - [SALTO CORTO LIBRE] Y:1199->66 | Sin anclaje (Origen a 1px)
14:51:03.241 DEBUG - [SALTO CORTO LIBRE] Y:1157->1 | Sin anclaje (Origen a 43px)
14:51:03.948 DEBUG - [SALTO CORTO LIBRE] Y:67->1195 | Sin anclaje (Origen a 67px)
14:51:04.659 DEBUG - [SALTO CORTO LIBRE] Y:1199->5 | Sin anclaje (Origen a 1px)
14:51:07.256 DEBUG - [SALTO CORTO LIBRE] X:1919->5 | Sin anclaje (Origen a 1px)
14:51:09.050 DEBUG - [SALTO CORTO LIBRE] X:0->1915 | Sin anclaje (Origen a 0px)
14:51:10.606 DEBUG - [SALTO CORTO LIBRE] X:1919->5 | Sin anclaje (Origen a 1px)
14:51:13.762 DEBUG - [SALTO CORTO LIBRE] Y:0->1195 | Sin anclaje (Origen a 0px)
14:51:15.420 DEBUG - [SALTO CORTO LIBRE] Y:1199->5 | Sin anclaje (Origen a 1px)
14:51:17.330 DEBUG - [SALTO CORTO LIBRE] X:1919->5 | Sin anclaje (Origen a 1px)
14:51:18.536 DEBUG - [SALTO CORTO LIBRE] X:0->1915 | Sin anclaje (Origen a 0px)
14:51:21.624 DEBUG - [SALTO CORTO LIBRE] X:1919->5 | Sin anclaje (Origen a 1px)
14:51:24.156 DEBUG - [SALTO CORTO LIBRE] X:1919->5 | Sin anclaje (Origen a 1px)
14:51:27.213 DEBUG - [SALTO CORTO LIBRE] X:1919->5 | Sin anclaje (Origen a 1px)
14:51:29.104 DEBUG - [SALTO CORTO LIBRE] X:1919->5 | Sin anclaje (Origen a 1px)
14:51:29.813 DEBUG - [SALTO CORTO LIBRE] X:0->1915 | Sin anclaje (Origen a 0px)
14:51:31.816 DEBUG - [SALTO CORTO LIBRE] X:1919->5 | Sin anclaje (Origen a 1px)
14:51:32.567 DEBUG - [SALTO CORTO LIBRE] X:0->1900 | Sin anclaje (Origen a 0px)
14:51:34.144 DEBUG - [SALTO CORTO LIBRE] X:1919->5 | Sin anclaje (Origen a 1px)
14:51:35.062 DEBUG - [SALTO CORTO LIBRE] X:0->1892 | Sin anclaje (Origen a 0px)
14:51:37.221 DEBUG - [SALTO CORTO LIBRE] X:1919->5 | Sin anclaje (Origen a 1px)
14:51:40.835 DEBUG - [SALTO CORTO LIBRE] X:1919->5 | Sin anclaje (Origen a 1px)
14:51:48.980 DEBUG - [SALTO CORTO LIBRE] X:1919->5 | Sin anclaje (Origen a 1px)
14:51:49.949 DEBUG - [SALTO CORTO LIBRE] X:0->1915 | Sin anclaje (Origen a 0px)
14:51:50.762 DEBUG - [SALTO CORTO LIBRE] X:1919->5 | Sin anclaje (Origen a 1px)
14:51:52.863 DEBUG - [SALTO CORTO LIBRE] X:1919->66 | Sin anclaje (Origen a 1px)
14:51:56.722 DEBUG - [SALTO CORTO LIBRE] X:1919->5 | Sin anclaje (Origen a 1px)
14:51:59.706 DEBUG - [SALTO CORTO LIBRE] X:1919->45 | Sin anclaje (Origen a 1px)
14:52:00.867 DEBUG - [SALTO CORTO LIBRE] X:1919->5 | Sin anclaje (Origen a 1px)
14:52:01.649 DEBUG - [SALTO CORTO LIBRE] X:0->1915 | Sin anclaje (Origen a 0px)
14:52:09.825 DEBUG - [SALTO CORTO LIBRE] X:1919->5 | Sin anclaje (Origen a 1px)
14:52:10.540 DEBUG - [SALTO CORTO LIBRE] X:0->1913 | Sin anclaje (Origen a 0px)
14:52:12.573 DEBUG - [SALTO CORTO LIBRE] X:1919->5 | Sin anclaje (Origen a 1px)
14:52:13.269 DEBUG - [SALTO CORTO LIBRE] X:0->1915 | Sin anclaje (Origen a 0px)
14:52:15.569 DEBUG - [SALTO CORTO LIBRE] X:1919->5 | Sin anclaje (Origen a 1px)
14:52:17.309 DEBUG - [SALTO CORTO LIBRE] X:0->1915 | Sin anclaje (Origen a 0px)
14:52:19.422 DEBUG - [SALTO CORTO LIBRE] X:1919->5 | Sin anclaje (Origen a 1px)
14:52:25.158 DEBUG - [SALTO CORTO LIBRE] X:1919->5 | Sin anclaje (Origen a 1px)
14:52:25.866 DEBUG - [SALTO CORTO LIBRE] X:0->1915 | Sin anclaje (Origen a 0px)
14:52:28.298 DEBUG - [SALTO CORTO LIBRE] X:1919->5 | Sin anclaje (Origen a 1px)
14:52:29.103 DEBUG - [SALTO CORTO LIBRE] X:0->1915 | Sin anclaje (Origen a 0px)
14:52:38.796 DEBUG - [SALTO CORTO LIBRE] X:1919->5 | Sin anclaje (Origen a 1px)
14:52:39.502 DEBUG - [SALTO CORTO LIBRE] X:0->1915 | Sin anclaje (Origen a 0px)
14:52:48.289 DEBUG - [SALTO CORTO LIBRE] Y:0->1195 | Sin anclaje (Origen a 0px)
14:52:49.588 DEBUG - [SALTO CORTO LIBRE] Y:1199->46 | Sin anclaje (Origen a 1px)
14:52:50.998 DEBUG - [SALTO CORTO LIBRE] X:1919->65 | Sin anclaje (Origen a 1px)
14:52:52.121 DEBUG - [SALTO CORTO LIBRE] X:0->1915 | Sin anclaje (Origen a 0px)
14:52:57.813 DEBUG - [SALTO CORTO LIBRE] X:0->1915 | Sin anclaje (Origen a 0px)
14:52:58.511 DEBUG - [SALTO CORTO LIBRE] X:1919->5 | Sin anclaje (Origen a 1px)
14:53:08.664 DEBUG - [SALTO CORTO LIBRE] X:0->1915 | Sin anclaje (Origen a 0px)
14:54:25.680 DEBUG - [SALTO CORTO LIBRE] X:1919->5 | Sin anclaje (Origen a 1px)
14:54:26.757 DEBUG - [SALTO CORTO LIBRE] X:0->1893 | Sin anclaje (Origen a 0px)
14:54:33.207 DEBUG - [SALTO CORTO LIBRE] X:0->1915 | Sin anclaje (Origen a 0px)
14:54:54.678 DEBUG - [SALTO CORTO LIBRE] X:1919->5 | Sin anclaje (Origen a 1px)
14:54:55.387 DEBUG - [SALTO CORTO LIBRE] X:0->1915 | Sin anclaje (Origen a 0px)
14:55:03.572 INFO - ==========================================
14:55:03.572 INFO - SISTEMA REINICIADO CON DPI AWARENESS
14:55:03.573 INFO - ARCHIVO DE LOGS: D:\scripts\status script\f22_debug.log
14:55:03.573 INFO - ==========================================
14:55:05.212 DEBUG - [SALTO CORTO LIBRE] X:1919->5 | Sin anclaje (Origen a 1px)
14:55:07.056 DEBUG - [SALTO CORTO LIBRE] X:0->1915 | Sin anclaje (Origen a 0px)
14:55:08.285 DEBUG - [SALTO CORTO LIBRE] X:1919->5 | Sin anclaje (Origen a 1px)
14:55:10.510 DEBUG - [SALTO CORTO LIBRE] Y:1199->5 | Sin anclaje (Origen a 1px)
14:55:12.290 DEBUG - [SALTO CORTO LIBRE] X:1919->5 | Sin anclaje (Origen a 1px)
14:55:14.344 DEBUG - [SALTO CORTO LIBRE] X:1919->5 | Sin anclaje (Origen a 1px)
14:55:15.786 DEBUG - [SALTO CORTO LIBRE] X:0->1915 | Sin anclaje (Origen a 0px)
14:55:18.297 DEBUG - [SALTO CORTO LIBRE] X:1919->5 | Sin anclaje (Origen a 1px)
14:55:20.991 DEBUG - [SALTO CORTO LIBRE] X:1919->5 | Sin anclaje (Origen a 1px)
14:55:21.693 DEBUG - [SALTO CORTO LIBRE] X:0->1915 | Sin anclaje (Origen a 0px)
14:55:23.080 DEBUG - [SALTO CORTO LIBRE] Y:1199->3 | Sin anclaje (Origen a 1px)
14:55:23.795 DEBUG - [SALTO CORTO LIBRE] Y:0->1181 | Sin anclaje (Origen a 0px)
14:55:32.653 DEBUG - [SALTO CORTO LIBRE] Y:1199->5 | Sin anclaje (Origen a 1px)
14:55:33.360 DEBUG - [SALTO CORTO LIBRE] Y:0->1195 | Sin anclaje (Origen a 0px)
14:55:39.089 DEBUG - [SALTO CORTO LIBRE] Y:0->1195 | Sin anclaje (Origen a 0px)
14:55:39.796 DEBUG - [SALTO CORTO LIBRE] Y:1199->5 | Sin anclaje (Origen a 1px)
14:55:47.335 DEBUG - [SALTO CORTO LIBRE] Y:0->1195 | Sin anclaje (Origen a 0px)
14:55:48.043 DEBUG - [SALTO CORTO LIBRE] Y:1199->5 | Sin anclaje (Origen a 1px)
14:56:10.961 DEBUG - [SALTO CORTO LIBRE] X:1919->5 | Sin anclaje (Origen a 1px)
14:56:12.063 DEBUG - [SALTO CORTO LIBRE] X:0->1915 | Sin anclaje (Origen a 0px)
14:56:14.257 DEBUG - [SALTO CORTO LIBRE] X:1919->5 | Sin anclaje (Origen a 1px)
14:56:28.976 DEBUG - [SALTO CORTO LIBRE] Y:0->1195 | Sin anclaje (Origen a 0px)
14:56:29.677 DEBUG - [SALTO CORTO LIBRE] Y:1199->5 | Sin anclaje (Origen a 1px)
14:56:34.642 DEBUG - [SALTO CORTO LIBRE] Y:0->1195 | Sin anclaje (Origen a 0px)
14:56:35.348 DEBUG - [SALTO CORTO LIBRE] Y:1199->5 | Sin anclaje (Origen a 1px)
14:56:46.662 DEBUG - [SALTO CORTO LIBRE] Y:1199->5 | Sin anclaje (Origen a 1px)
14:56:47.363 DEBUG - [SALTO CORTO LIBRE] Y:0->1195 | Sin anclaje (Origen a 0px)
14:56:52.520 DEBUG - [SALTO CORTO LIBRE] X:1919->5 | Sin anclaje (Origen a 1px)
14:56:54.030 DEBUG - [SALTO CORTO LIBRE] X:0->1915 | Sin anclaje (Origen a 0px)
14:56:55.438 DEBUG - [SALTO CORTO LIBRE] X:1919->5 | Sin anclaje (Origen a 1px)
14:56:57.497 DEBUG - [SALTO CORTO LIBRE] Y:0->1195 | Sin anclaje (Origen a 0px)
14:56:58.962 DEBUG - [SALTO CORTO LIBRE] X:1919->5 | Sin anclaje (Origen a 1px)
14:57:00.515 DEBUG - [SALTO CORTO LIBRE] X:0->1915 | Sin anclaje (Origen a 0px)
14:57:01.817 DEBUG - [SALTO CORTO LIBRE] X:1919->5 | Sin anclaje (Origen a 1px)
14:57:02.805 DEBUG - [SALTO CORTO LIBRE] Y:0->1195 | Sin anclaje (Origen a 0px)
14:57:04.519 DEBUG - [SALTO CORTO LIBRE] X:1919->5 | Sin anclaje (Origen a 1px)
14:58:45.530 DEBUG - [SALTO CORTO LIBRE] X:1919->5 | Sin anclaje (Origen a 1px)
14:58:46.946 DEBUG - [SALTO CORTO LIBRE] X:0->1915 | Sin anclaje (Origen a 0px)
14:58:48.196 DEBUG - [SALTO CORTO LIBRE] X:1919->5 | Sin anclaje (Origen a 1px)
14:58:49.517 DEBUG - [SALTO CORTO LIBRE] X:0->1915 | Sin anclaje (Origen a 0px)
14:58:50.806 DEBUG - [SALTO CORTO LIBRE] X:1919->5 | Sin anclaje (Origen a 1px)
14:58:52.057 DEBUG - [SALTO CORTO LIBRE] X:0->1915 | Sin anclaje (Origen a 0px)
14:59:36.440 INFO - ==========================================
14:59:36.440 INFO - SISTEMA REINICIADO CON DPI AWARENESS
14:59:36.440 INFO - ARCHIVO DE LOGS: D:\scripts\status script\f22_debug.log
14:59:36.441 INFO - ==========================================
14:59:38.299 DEBUG - [SALTO CORTO LIBRE] X:1919->5 | Sin anclaje (Origen a 1px)
14:59:39.288 DEBUG - [SALTO CORTO LIBRE] X:0->1915 | Sin anclaje (Origen a 0px)
14:59:40.620 DEBUG - [SALTO CORTO LIBRE] X:1919->5 | Sin anclaje (Origen a 1px)
14:59:41.609 DEBUG - [SALTO CORTO LIBRE] X:0->1907 | Sin anclaje (Origen a 0px)
14:59:42.789 DEBUG - [SALTO CORTO LIBRE] X:1919->5 | Sin anclaje (Origen a 1px)
14:59:44.207 DEBUG - [SALTO CORTO LIBRE] X:0->1915 | Sin anclaje (Origen a 0px)
14:59:45.476 DEBUG - [SALTO CORTO LIBRE] X:1919->5 | Sin anclaje (Origen a 1px)
14:59:50.130 DEBUG - [SALTO CORTO LIBRE] Y:0->1195 | Sin anclaje (Origen a 0px)
14:59:50.834 DEBUG - [SALTO CORTO LIBRE] Y:1199->5 | Sin anclaje (Origen a 1px)
14:59:53.045 DEBUG - [SALTO CORTO LIBRE] X:1919->5 | Sin anclaje (Origen a 1px)
14:59:54.168 DEBUG - [SALTO CORTO LIBRE] X:0->1915 | Sin anclaje (Origen a 0px)
14:59:55.277 DEBUG - [SALTO CORTO LIBRE] X:1919->5 | Sin anclaje (Origen a 1px)
14:59:57.459 DEBUG - [SALTO CORTO LIBRE] X:1919->5 | Sin anclaje (Origen a 1px)
15:00:20.095 INFO - ==========================================
15:00:20.096 INFO - SISTEMA REINICIADO CON DPI AWARENESS
15:00:20.096 INFO - ARCHIVO DE LOGS: D:\scripts\status script\f22_debug.log
15:00:20.096 INFO - ==========================================
15:00:22.357 DEBUG - [SALTO CORTO LIBRE] X:1919->5 | Sin anclaje (Origen a 1px)
15:00:23.652 DEBUG - [SALTO CORTO LIBRE] X:0->1915 | Sin anclaje (Origen a 0px)
15:00:25.302 DEBUG - [SALTO CORTO LIBRE] Y:0->1195 | Sin anclaje (Origen a 0px)
15:00:26.842 DEBUG - [SALTO CORTO LIBRE] X:1919->5 | Sin anclaje (Origen a 1px)
15:00:28.463 DEBUG - [SALTO CORTO LIBRE] X:1919->5 | Sin anclaje (Origen a 1px)
15:00:30.581 DEBUG - [SALTO CORTO LIBRE] X:1919->5 | Sin anclaje (Origen a 1px)
15:00:32.772 DEBUG - [SALTO CORTO LIBRE] Y:0->1195 | Sin anclaje (Origen a 0px)
15:00:34.058 DEBUG - [SALTO CORTO LIBRE] X:1919->65 | Sin anclaje (Origen a 1px)
15:00:35.945 DEBUG - [SALTO CORTO LIBRE] Y:0->1195 | Sin anclaje (Origen a 0px)
15:00:41.457 DEBUG - [SALTO CORTO LIBRE] Y:0->1195 | Sin anclaje (Origen a 0px)
15:00:42.999 DEBUG - [SALTO CORTO LIBRE] X:1919->5 | Sin anclaje (Origen a 1px)
15:00:45.369 DEBUG - [SALTO CORTO LIBRE] Y:0->1195 | Sin anclaje (Origen a 0px)
15:00:46.939 DEBUG - [SALTO CORTO LIBRE] X:1919->5 | Sin anclaje (Origen a 1px)
15:00:47.944 DEBUG - [SALTO CORTO LIBRE] X:0->1915 | Sin anclaje (Origen a 0px)
15:00:48.971 DEBUG - [SALTO CORTO LIBRE] X:1919->39 | Sin anclaje (Origen a 1px)
15:00:50.990 DEBUG - [SALTO CORTO LIBRE] Y:0->1195 | Sin anclaje (Origen a 0px)
15:01:01.276 DEBUG - [SALTO CORTO LIBRE] X:0->1915 | Sin anclaje (Origen a 0px)
15:01:01.982 DEBUG - [SALTO CORTO LIBRE] X:1919->5 | Sin anclaje (Origen a 1px)
15:01:04.724 DEBUG - [SALTO CORTO LIBRE] X:0->1915 | Sin anclaje (Origen a 0px)
15:01:05.432 DEBUG - [SALTO CORTO LIBRE] X:1919->5 | Sin anclaje (Origen a 1px)
15:01:21.353 DEBUG - [SALTO CORTO LIBRE] Y:0->1195 | Sin anclaje (Origen a 0px)
15:01:22.765 DEBUG - [SALTO CORTO LIBRE] Y:1199->5 | Sin anclaje (Origen a 1px)
15:01:25.042 DEBUG - [SALTO CORTO LIBRE] Y:0->1195 | Sin anclaje (Origen a 0px)
15:01:25.748 DEBUG - [SALTO CORTO LIBRE] Y:1199->5 | Sin anclaje (Origen a 1px)
15:01:32.441 DEBUG - [SALTO CORTO LIBRE] X:0->1915 | Sin anclaje (Origen a 0px)
15:01:33.151 DEBUG - [SALTO CORTO LIBRE] X:1919->6 | Sin anclaje (Origen a 1px)
 15:03:26.966 DEBUG - [SALTO CORTO LIBRE] Y:0->1195 | Sin anclaje (Origen a 0px)
15:03:27.658 DEBUG - [SALTO CORTO LIBRE] Y:1199->5 | Sin anclaje (Origen a 1px)
15:03:38.522 DEBUG - [SALTO CORTO LIBRE] X:0->1915 | Sin anclaje (Origen a 0px)
15:03:39.659 DEBUG - [SALTO CORTO LIBRE] X:1919->5 | Sin anclaje (Origen a 1px)
15:04:24.569 DEBUG - [SALTO CORTO LIBRE] Y:0->1195 | Sin anclaje (Origen a 0px)
15:04:25.272 DEBUG - [SALTO CORTO LIBRE] Y:1199->5 | Sin anclaje (Origen a 1px)
15:04:25.987 DEBUG - [SALTO CORTO LIBRE] Y:0->1195 | Sin anclaje (Origen a 0px)
15:04:27.853 DEBUG - [SALTO CORTO LIBRE] Y:1199->5 | Sin anclaje (Origen a 1px)
15:04:29.084 DEBUG - [SALTO CORTO LIBRE] Y:0->1195 | Sin anclaje (Origen a 0px)
15:04:30.893 DEBUG - [SALTO CORTO LIBRE] X:1919->25 | Sin anclaje (Origen a 1px)
15:04:32.181 DEBUG - [SALTO CORTO LIBRE] X:0->1915 | Sin anclaje (Origen a 0px)
15:04:33.392 DEBUG - [SALTO CORTO LIBRE] X:1919->5 | Sin anclaje (Origen a 1px)
15:04:34.403 DEBUG - [SALTO CORTO LIBRE] X:0->1915 | Sin anclaje (Origen a 0px)
15:04:35.485 DEBUG - [SALTO CORTO LIBRE] X:1919->5 | Sin anclaje (Origen a 1px)
15:04:36.567 DEBUG - [SALTO CORTO LIBRE] X:0->1915 | Sin anclaje (Origen a 0px)
15:04:38.805 DEBUG - [SALTO CORTO LIBRE] Y:0->1195 | Sin anclaje (Origen a 0px)
15:04:40.015 DEBUG - [SALTO CORTO LIBRE] Y:1199->19 | Sin anclaje (Origen a 1px)
15:04:41.477 DEBUG - [SALTO CORTO LIBRE] X:1919->55 | Sin anclaje (Origen a 1px)
15:04:42.597 DEBUG - [SALTO CORTO LIBRE] X:0->1915 | Sin anclaje (Origen a 0px)
15:04:43.568 DEBUG - [SALTO CORTO LIBRE] Y:1199->5 | Sin anclaje (Origen a 1px)
15:04:44.270 DEBUG - [SALTO CORTO LIBRE] Y:0->1195 | Sin anclaje (Origen a 0px)
15:04:54.136 DEBUG - [SALTO CORTO LIBRE] Y:0->1195 | Sin anclaje (Origen a 0px)
15:04:54.843 DEBUG - [SALTO CORTO LIBRE] Y:1199->5 | Sin anclaje (Origen a 1px)
15:04:56.263 DEBUG - [SALTO CORTO LIBRE] Y:0->1195 | Sin anclaje (Origen a 0px)
15:04:56.974 DEBUG - [SALTO CORTO LIBRE] Y:1199->29 | Sin anclaje (Origen a 1px)
15:04:58.502 DEBUG - [SALTO CORTO LIBRE] Y:0->1195 | Sin anclaje (Origen a 0px)
15:04:59.204 DEBUG - [SALTO CORTO LIBRE] Y:1199->5 | Sin anclaje (Origen a 1px)
15:07:25.917 INFO - ==========================================
15:07:25.918 INFO - SISTEMA REINICIADO CON DPI AWARENESS
15:07:25.918 INFO - ARCHIVO DE LOGS: D:\scripts\status script\f22_debug.log
15:07:25.918 INFO - ==========================================
15:07:28.301 DEBUG - [SALTO CORTO LIBRE] X:1919->5 | Sin anclaje (Origen a 1px)
15:07:30.397 DEBUG - [SALTO CORTO LIBRE] X:1919->5 | Sin anclaje (Origen a 1px)
15:07:31.104 DEBUG - [SALTO CORTO LIBRE] X:0->1900 | Sin anclaje (Origen a 0px)
15:07:32.992 DEBUG - [SALTO CORTO LIBRE] Y:0->1195 | Sin anclaje (Origen a 0px)
15:07:33.728 DEBUG - [SALTO CORTO LIBRE] Y:1199->35 | Sin anclaje (Origen a 1px)
15:07:35.809 DEBUG - [SALTO CORTO LIBRE] X:1919->5 | Sin anclaje (Origen a 1px)
15:07:36.520 DEBUG - [SALTO CORTO LIBRE] X:0->1911 | Sin anclaje (Origen a 0px)
15:07:51.140 DEBUG - [SALTO CORTO LIBRE] X:1919->5 | Sin anclaje (Origen a 1px)
15:07:52.898 DEBUG - [SALTO CORTO LIBRE] Y:1199->5 | Sin anclaje (Origen a 1px)
15:07:53.994 DEBUG - [SALTO CORTO LIBRE] Y:0->1195 | Sin anclaje (Origen a 0px)
15:07:55.325 DEBUG - [SALTO CORTO LIBRE] X:0->1915 | Sin anclaje (Origen a 0px)
15:07:59.645 DEBUG - [SALTO CORTO LIBRE] X:0->1915 | Sin anclaje (Origen a 0px)
15:08:00.353 DEBUG - [SALTO CORTO LIBRE] X:1919->19 | Sin anclaje (Origen a 1px)
15:08:12.668 DEBUG - [SALTO CORTO LIBRE] X:1919->5 | Sin anclaje (Origen a 1px)
15:08:13.375 DEBUG - [SALTO CORTO LIBRE] X:0->1915 | Sin anclaje (Origen a 0px)
15:08:16.394 DEBUG - [SALTO CORTO LIBRE] Y:0->1195 | Sin anclaje (Origen a 0px)
15:08:17.100 DEBUG - [SALTO CORTO LIBRE] Y:1199->19 | Sin anclaje (Origen a 1px)
15:09:24.763 INFO - ==========================================
15:09:24.765 INFO - SISTEMA REINICIADO CON DPI AWARENESS
15:09:24.765 INFO - ARCHIVO DE LOGS: D:\scripts\status script\f22_debug.log
15:09:24.765 INFO - ==========================================
15:09:27.272 DEBUG - [SALTO CORTO LIBRE] Y:0->1195 | Sin anclaje (Origen a 0px)
15:09:27.985 DEBUG - [SALTO CORTO LIBRE] Y:1199->36 | Sin anclaje (Origen a 1px)
15:09:28.920 DEBUG - [SALTO CORTO LIBRE] Y:1199->5 | Sin anclaje (Origen a 1px)
15:09:29.620 DEBUG - [SALTO CORTO LIBRE] Y:0->1195 | Sin anclaje (Origen a 0px)
15:09:31.100 DEBUG - [SALTO CORTO LIBRE] X:1919->5 | Sin anclaje (Origen a 1px)
15:09:31.797 DEBUG - [SALTO CORTO LIBRE] X:0->1915 | Sin anclaje (Origen a 0px)
15:09:40.360 DEBUG - [SALTO CORTO LIBRE] X:1919->5 | Sin anclaje (Origen a 1px)
15:09:41.076 DEBUG - [SALTO CORTO LIBRE] X:0->1915 | Sin anclaje (Origen a 0px)
15:09:42.859 DEBUG - [SALTO CORTO LIBRE] Y:0->1195 | Sin anclaje (Origen a 0px)
15:09:43.565 DEBUG - [SALTO CORTO LIBRE] Y:1199->5 | Sin anclaje (Origen a 1px)
15:09:55.753 DEBUG - [SALTO CORTO LIBRE] Y:0->1195 | Sin anclaje (Origen a 0px)
15:09:56.463 DEBUG - [SALTO CORTO LIBRE] Y:1199->5 | Sin anclaje (Origen a 1px)
15:09:58.168 DEBUG - [SALTO CORTO LIBRE] X:1919->5 | Sin anclaje (Origen a 1px)
15:09:58.874 DEBUG - [SALTO CORTO LIBRE] X:0->1915 | Sin anclaje (Origen a 0px)
15:10:01.175 DEBUG - [SALTO CORTO LIBRE] X:1919->5 | Sin anclaje (Origen a 1px)
15:10:01.884 DEBUG - [SALTO CORTO LIBRE] X:0->1915 | Sin anclaje (Origen a 0px)
15:10:03.173 DEBUG - [SALTO CORTO LIBRE] X:1919->5 | Sin anclaje (Origen a 1px)
15:10:03.873 DEBUG - [SALTO CORTO LIBRE] X:0->1915 | Sin anclaje (Origen a 0px)
15:10:05.736 DEBUG - [SALTO CORTO LIBRE] X:0->1915 | Sin anclaje (Origen a 0px)
15:10:06.466 DEBUG - [SALTO CORTO LIBRE] X:1919->5 | Sin anclaje (Origen a 1px)
15:10:08.840 DEBUG - [SALTO CORTO LIBRE] X:1914->4 | Sin anclaje (Origen a 6px)
15:10:09.551 DEBUG - [SALTO CORTO LIBRE] X:0->1911 | Sin anclaje (Origen a 0px)
15:10:17.223 DEBUG - [SALTO CORTO LIBRE] X:1919->5 | Sin anclaje (Origen a 1px)
15:10:17.935 DEBUG - [SALTO CORTO LIBRE] X:0->1895 | Sin anclaje (Origen a 0px)
15:10:21.903 DEBUG - [SALTO CORTO LIBRE] X:1919->5 | Sin anclaje (Origen a 1px)
15:10:22.614 DEBUG - [SALTO CORTO LIBRE] X:0->1913 | Sin anclaje (Origen a 0px)
15:10:23.693 DEBUG - [SALTO CORTO LIBRE] Y:0->1195 | Sin anclaje (Origen a 0px)
15:10:24.577 DEBUG - [SALTO CORTO LIBRE] Y:1199->20 | Sin anclaje (Origen a 1px)
15:10:25.360 DEBUG - [SALTO CORTO LIBRE] Y:0->1195 | Sin anclaje (Origen a 0px)
15:10:26.816 DEBUG - [SALTO CORTO LIBRE] Y:1199->10 | Sin anclaje (Origen a 1px)
15:10:30.290 DEBUG - [SALTO CORTO LIBRE] X:1919->5 | Sin anclaje (Origen a 1px)
15:10:30.999 DEBUG - [SALTO CORTO LIBRE] X:0->1875 | Sin anclaje (Origen a 0px)
15:10:37.290 DEBUG - [SALTO CORTO LIBRE] X:1919->5 | Sin anclaje (Origen a 1px)
15:10:38.078 DEBUG - [SALTO CORTO LIBRE] X:0->1900 | Sin anclaje (Origen a 0px)
15:10:41.874 DEBUG - [SALTO CORTO LIBRE] X:1919->5 | Sin anclaje (Origen a 1px)
15:10:42.582 DEBUG - [SALTO CORTO LIBRE] X:0->1915 | Sin anclaje (Origen a 0px)
15:10:45.170 DEBUG - [SALTO CORTO LIBRE] X:1919->5 | Sin anclaje (Origen a 1px)
15:10:46.735 DEBUG - [SALTO CORTO LIBRE] X:1919->46 | Sin anclaje (Origen a 1px)
15:10:48.714 DEBUG - [SALTO CORTO LIBRE] X:1919->25 | Sin anclaje (Origen a 1px)
15:10:49.421 DEBUG - [SALTO CORTO LIBRE] X:1919->65 | Sin anclaje (Origen a 1px)
15:10:50.126 DEBUG - [SALTO CORTO LIBRE] X:1919->25 | Sin anclaje (Origen a 1px)
15:10:51.939 DEBUG - [SALTO CORTO LIBRE] X:1919->5 | Sin anclaje (Origen a 1px)
15:10:54.335 DEBUG - [SALTO CORTO LIBRE] X:1919->5 | Sin anclaje (Origen a 1px)
15:10:55.848 DEBUG - [SALTO CORTO LIBRE] X:1919->5 | Sin anclaje (Origen a 1px)
15:10:56.555 DEBUG - [SALTO CORTO LIBRE] X:0->1888 | Sin anclaje (Origen a 0px)
15:10:57.992 DEBUG - [SALTO CORTO LIBRE] X:1919->5 | Sin anclaje (Origen a 1px)
15:10:58.698 DEBUG - [SALTO CORTO LIBRE] X:0->1898 | Sin anclaje (Origen a 0px)
15:11:00.284 DEBUG - [SALTO CORTO LIBRE] X:1919->5 | Sin anclaje (Origen a 1px)
15:11:01.140 DEBUG - [SALTO CORTO LIBRE] X:0->1900 | Sin anclaje (Origen a 0px)
15:11:13.287 DEBUG - [SALTO CORTO LIBRE] X:1919->5 | Sin anclaje (Origen a 1px)
15:11:13.998 DEBUG - [SALTO CORTO LIBRE] X:0->1911 | Sin anclaje (Origen a 0px)
15:11:46.048 DEBUG - [SALTO CORTO LIBRE] X:0->1915 | Sin anclaje (Origen a 0px)
15:11:46.757 DEBUG - [SALTO CORTO LIBRE] X:1919->5 | Sin anclaje (Origen a 1px)
15:11:48.135 DEBUG - [SALTO CORTO LIBRE] Y:0->1195 | Sin anclaje (Origen a 0px)
15:11:48.851 DEBUG - [SALTO CORTO LIBRE] Y:1199->16 | Sin anclaje (Origen a 1px)
15:12:07.341 DEBUG - [SALTO CORTO LIBRE] Y:0->1195 | Sin anclaje (Origen a 0px)
15:12:08.041 DEBUG - [SALTO CORTO LIBRE] Y:1199->5 | Sin anclaje (Origen a 1px)
15:12:09.071 DEBUG - [SALTO CORTO LIBRE] Y:1199->5 | Sin anclaje (Origen a 1px)
15:12:16.244 DEBUG - [SALTO CORTO LIBRE] X:1919->5 | Sin anclaje (Origen a 1px)
15:12:16.952 DEBUG - [SALTO CORTO LIBRE] X:0->1915 | Sin anclaje (Origen a 0px)
15:12:19.680 DEBUG - [SALTO CORTO LIBRE] X:0->1915 | Sin anclaje (Origen a 0px)
15:12:20.390 DEBUG - [SALTO CORTO LIBRE] X:1919->5 | Sin anclaje (Origen a 1px)
15:12:23.293 DEBUG - [SALTO CORTO LIBRE] X:1919->5 | Sin anclaje (Origen a 1px)
15:12:25.943 DEBUG - [SALTO CORTO LIBRE] X:0->1915 | Sin anclaje (Origen a 0px)
15:12:41.861 INFO - ==========================================
15:12:41.862 INFO - SISTEMA REINICIADO CON DPI AWARENESS
15:12:41.862 INFO - ARCHIVO DE LOGS: D:\scripts\status script\f22_debug.log
15:12:41.862 INFO - ==========================================
15:12:43.108 DEBUG - [SALTO CORTO LIBRE] X:1919->5 | Sin anclaje (Origen a 1px)
15:12:43.817 DEBUG - [SALTO CORTO LIBRE] X:0->1893 | Sin anclaje (Origen a 0px)
15:12:45.408 DEBUG - [SALTO CORTO LIBRE] X:1919->5 | Sin anclaje (Origen a 1px)
15:12:46.115 DEBUG - [SALTO CORTO LIBRE] X:0->1907 | Sin anclaje (Origen a 0px)
15:12:47.236 DEBUG - [SALTO CORTO LIBRE] Y:0->1195 | Sin anclaje (Origen a 0px)
15:12:48.689 DEBUG - [SALTO CORTO LIBRE] Y:1199->65 | Sin anclaje (Origen a 1px)
15:12:49.957 DEBUG - [SALTO CORTO LIBRE] X:1919->5 | Sin anclaje (Origen a 1px)
15:12:51.216 DEBUG - [SALTO CORTO LIBRE] X:1919->5 | Sin anclaje (Origen a 1px)
15:12:51.923 DEBUG - [SALTO CORTO LIBRE] X:0->1915 | Sin anclaje (Origen a 0px)
15:13:02.513 INFO - ==========================================
15:13:02.513 INFO - SISTEMA REINICIADO CON DPI AWARENESS
15:13:02.514 INFO - ARCHIVO DE LOGS: D:\scripts\status script\f22_debug.log
15:13:02.514 INFO - ==========================================
15:13:05.372 INFO - ==========================================
15:13:05.372 INFO - SISTEMA REINICIADO CON DPI AWARENESS
15:13:05.372 INFO - ARCHIVO DE LOGS: D:\scripts\status script\f22_debug.log
15:13:05.372 INFO - ==========================================
15:13:06.492 DEBUG - [SALTO CORTO LIBRE] X:1919->5 | Sin anclaje (Origen a 1px)
15:13:07.817 DEBUG - [SALTO CORTO LIBRE] X:1919->5 | Sin anclaje (Origen a 1px)
15:13:08.523 DEBUG - [SALTO CORTO LIBRE] X:0->1915 | Sin anclaje (Origen a 0px)
15:13:09.621 DEBUG - [SALTO CORTO LIBRE] Y:0->1195 | Sin anclaje (Origen a 0px)
15:13:10.330 DEBUG - [SALTO CORTO LIBRE] Y:1199->5 | Sin anclaje (Origen a 1px)
15:13:11.612 DEBUG - [SALTO CORTO LIBRE] X:1919->5 | Sin anclaje (Origen a 1px)
15:13:13.423 DEBUG - [SALTO CORTO LIBRE] X:0->1875 | Sin anclaje (Origen a 0px)
15:13:14.765 DEBUG - [SALTO CORTO LIBRE] X:1919->5 | Sin anclaje (Origen a 1px)
15:13:15.472 DEBUG - [SALTO CORTO LIBRE] X:0->1882 | Sin anclaje (Origen a 0px)
15:13:16.968 DEBUG - [SALTO CORTO LIBRE] X:1919->5 | Sin anclaje (Origen a 1px)
15:13:17.676 DEBUG - [SALTO CORTO LIBRE] X:0->1888 | Sin anclaje (Origen a 0px)
15:13:19.180 DEBUG - [SALTO CORTO LIBRE] X:1919->5 | Sin anclaje (Origen a 1px)
15:13:19.883 DEBUG - [SALTO CORTO LIBRE] X:0->1888 | Sin anclaje (Origen a 0px)
15:13:20.746 DEBUG - [SALTO CORTO LIBRE] Y:0->1195 | Sin anclaje (Origen a 0px)
15:13:21.456 DEBUG - [SALTO CORTO LIBRE] Y:1199->32 | Sin anclaje (Origen a 1px)
15:13:22.806 DEBUG - [SALTO CORTO LIBRE] Y:0->1195 | Sin anclaje (Origen a 0px)
15:13:24.966 DEBUG - [SALTO CORTO LIBRE] Y:1199->5 | Sin anclaje (Origen a 1px)
15:13:25.821 DEBUG - [SALTO CORTO LIBRE] Y:0->1195 | Sin anclaje (Origen a 0px)
15:14:54.446 INFO - ==========================================
15:14:54.446 INFO - SISTEMA REINICIADO CON DPI AWARENESS
15:14:54.446 INFO - ARCHIVO DE LOGS: D:\scripts\status script\f22_debug.log
15:14:54.446 INFO - ==========================================
15:15:00.608 INFO - ==========================================
15:15:00.608 INFO - SISTEMA REINICIADO CON DPI AWARENESS
15:15:00.608 INFO - ARCHIVO DE LOGS: D:\scripts\status script\f22_debug.log
15:15:00.608 INFO - ==========================================
15:15:02.385 DEBUG - [SALTO CORTO LIBRE] X:1895->5 | Sin anclaje (Origen a 25px)
15:15:03.091 DEBUG - [SALTO CORTO LIBRE] X:0->1915 | Sin anclaje (Origen a 0px)
15:15:03.798 DEBUG - [SALTO CORTO LIBRE] X:1919->5 | Sin anclaje (Origen a 1px)
15:15:04.505 DEBUG - [SALTO CORTO LIBRE] X:0->1915 | Sin anclaje (Origen a 0px)
15:15:07.752 DEBUG - [SALTO CORTO LIBRE] X:1835->5 | Sin anclaje (Origen a 85px)
15:15:11.383 DEBUG - [SALTO CORTO LIBRE] X:1919->5 | Sin anclaje (Origen a 1px)
15:15:13.771 DEBUG - [SALTO CORTO LIBRE] X:1870->5 | Sin anclaje (Origen a 50px)
15:15:17.698 DEBUG - [SALTO CORTO LIBRE] Y:39->1195 | Sin anclaje (Origen a 39px)
15:15:18.718 DEBUG - [SALTO CORTO LIBRE] Y:1199->13 | Sin anclaje (Origen a 1px)
15:15:28.566 DEBUG - [SALTO CORTO LIBRE] X:1919->5 | Sin anclaje (Origen a 1px)
15:15:32.125 DEBUG - [SALTO CORTO LIBRE] X:1919->5 | Sin anclaje (Origen a 1px)
15:15:33.652 DEBUG - [SALTO CORTO LIBRE] Y:37->1195 | Sin anclaje (Origen a 37px)
15:15:34.442 DEBUG - [SALTO CORTO LIBRE] Y:1199->20 | Sin anclaje (Origen a 1px)
15:15:35.725 DEBUG - [SALTO CORTO LIBRE] Y:0->1195 | Sin anclaje (Origen a 0px)
15:15:38.434 DEBUG - [SALTO CORTO LIBRE] Y:0->1155 | Sin anclaje (Origen a 0px)
15:15:40.454 DEBUG - [SALTO CORTO LIBRE] Y:0->1175 | Sin anclaje (Origen a 0px)
15:15:42.038 DEBUG - [SALTO CORTO LIBRE] Y:27->1195 | Sin anclaje (Origen a 27px)
15:15:42.774 DEBUG - [SALTO CORTO LIBRE] Y:1199->5 | Sin anclaje (Origen a 1px)
15:15:44.339 DEBUG - [SALTO CORTO LIBRE] Y:47->1195 | Sin anclaje (Origen a 47px)
15:15:47.014 DEBUG - [SALTO CORTO LIBRE] Y:0->1175 | Sin anclaje (Origen a 0px)
15:15:48.667 DEBUG - [SALTO CORTO LIBRE] Y:7->1195 | Sin anclaje (Origen a 7px)
15:15:49.373 DEBUG - [SALTO CORTO LIBRE] Y:1199->5 | Sin anclaje (Origen a 1px)
15:15:50.757 DEBUG - [SALTO CORTO LIBRE] Y:20->1195 | Sin anclaje (Origen a 20px)
15:15:51.471 DEBUG - [SALTO CORTO LIBRE] Y:1199->8 | Sin anclaje (Origen a 1px)
15:15:55.369 DEBUG - [SALTO CORTO LIBRE] X:1861->5 | Sin anclaje (Origen a 59px)
15:15:56.454 DEBUG - [SALTO CORTO LIBRE] X:0->1893 | Sin anclaje (Origen a 0px)
15:15:59.754 DEBUG - [SALTO CORTO LIBRE] X:1919->65 | Sin anclaje (Origen a 1px)
15:16:02.056 DEBUG - [SALTO CORTO LIBRE] X:1919->65 | Sin anclaje (Origen a 1px)
15:16:03.927 DEBUG - [SALTO CORTO LIBRE] X:1882->5 | Sin anclaje (Origen a 38px)
15:16:06.358 DEBUG - [SALTO CORTO LIBRE] X:1919->5 | Sin anclaje (Origen a 1px)
15:16:07.977 DEBUG - [SALTO CORTO LIBRE] X:35->1915 | Sin anclaje (Origen a 35px)
15:16:09.271 DEBUG - [SALTO CORTO LIBRE] X:1919->5 | Sin anclaje (Origen a 1px)
15:16:11.550 DEBUG - [SALTO CORTO LIBRE] X:0->1915 | Sin anclaje (Origen a 0px)
15:16:12.674 DEBUG - [SALTO CORTO LIBRE] X:1919->5 | Sin anclaje (Origen a 1px)
15:16:14.115 DEBUG - [SALTO CORTO LIBRE] X:0->1915 | Sin anclaje (Origen a 0px)
15:16:15.925 DEBUG - [SALTO CORTO LIBRE] X:1900->5 | Sin anclaje (Origen a 20px)
15:16:16.688 DEBUG - [SALTO CORTO LIBRE] X:0->1893 | Sin anclaje (Origen a 0px)
15:16:19.186 DEBUG - [SALTO CORTO LIBRE] X:1919->5 | Sin anclaje (Origen a 1px)
15:16:19.888 DEBUG - [SALTO CORTO LIBRE] X:0->1915 | Sin anclaje (Origen a 0px)
15:16:21.229 DEBUG - [SALTO CORTO LIBRE] X:1901->5 | Sin anclaje (Origen a 19px)
15:16:21.936 DEBUG - [SALTO CORTO LIBRE] X:0->1915 | Sin anclaje (Origen a 0px)
15:16:46.428 DEBUG - [SALTO CORTO LIBRE] X:25->1915 | Sin anclaje (Origen a 25px)
15:16:47.292 DEBUG - [SALTO CORTO LIBRE] X:1919->5 | Sin anclaje (Origen a 1px)
15:17:21.203 DEBUG - [SALTO CORTO LIBRE] Y:0->1195 | Sin anclaje (Origen a 0px)
15:17:22.966 DEBUG - [SALTO CORTO LIBRE] Y:1199->5 | Sin anclaje (Origen a 1px)
15:17:23.980 DEBUG - [SALTO CORTO LIBRE] Y:0->1195 | Sin anclaje (Origen a 0px)
15:17:26.757 DEBUG - [SALTO CORTO LIBRE] X:1919->5 | Sin anclaje (Origen a 1px)
15:17:27.462 DEBUG - [SALTO CORTO LIBRE] X:0->1915 | Sin anclaje (Origen a 0px)
15:17:28.667 DEBUG - [SALTO CORTO LIBRE] X:1894->5 | Sin anclaje (Origen a 26px)
15:17:29.946 DEBUG - [SALTO CORTO LIBRE] X:0->1900 | Sin anclaje (Origen a 0px)
15:17:31.570 DEBUG - [SALTO CORTO LIBRE] X:1919->5 | Sin anclaje (Origen a 1px)
15:17:32.776 DEBUG - [SALTO CORTO LIBRE] X:0->1893 | Sin anclaje (Origen a 0px)
15:17:34.224 DEBUG - [SALTO CORTO LIBRE] X:1898->5 | Sin anclaje (Origen a 22px)
15:17:36.447 DEBUG - [SALTO CORTO LIBRE] X:22->1915 | Sin anclaje (Origen a 22px)
15:17:37.834 DEBUG - [SALTO CORTO LIBRE] X:1919->5 | Sin anclaje (Origen a 1px)
15:17:40.078 DEBUG - [SALTO CORTO LIBRE] X:1878->5 | Sin anclaje (Origen a 42px)
15:17:43.112 DEBUG - [SALTO CORTO LIBRE] X:1918->5 | Sin anclaje (Origen a 2px)
15:17:44.016 DEBUG - [SALTO CORTO LIBRE] X:0->1900 | Sin anclaje (Origen a 0px)
15:17:44.922 DEBUG - [SALTO CORTO LIBRE] X:1919->5 | Sin anclaje (Origen a 1px)
15:17:45.634 DEBUG - [SALTO CORTO LIBRE] X:0->1915 | Sin anclaje (Origen a 0px)
15:17:46.330 DEBUG - [SALTO CORTO LIBRE] X:1919->5 | Sin anclaje (Origen a 1px)
15:17:47.036 DEBUG - [SALTO CORTO LIBRE] X:0->1915 | Sin anclaje (Origen a 0px)
15:17:49.348 DEBUG - [SALTO CORTO LIBRE] X:1879->5 | Sin anclaje (Origen a 41px)
15:17:50.347 DEBUG - [SALTO CORTO LIBRE] X:0->1915 | Sin anclaje (Origen a 0px)
15:17:52.764 DEBUG - [SALTO CORTO LIBRE] X:1871->5 | Sin anclaje (Origen a 49px)
15:17:54.376 DEBUG - [SALTO CORTO LIBRE] X:0->1893 | Sin anclaje (Origen a 0px)
15:18:00.889 DEBUG - [SALTO CORTO LIBRE] X:1880->5 | Sin anclaje (Origen a 40px)
15:18:03.476 DEBUG - [SALTO CORTO LIBRE] X:1875->5 | Sin anclaje (Origen a 45px)
15:18:04.744 DEBUG - [SALTO CORTO LIBRE] X:0->1915 | Sin anclaje (Origen a 0px)
15:18:22.703 DEBUG - [SALTO CORTO LIBRE] Y:30->1195 | Sin anclaje (Origen a 30px)
15:18:23.730 DEBUG - [SALTO CORTO LIBRE] Y:1199->27 | Sin anclaje (Origen a 1px)
15:18:27.031 DEBUG - [SALTO CORTO LIBRE] Y:55->1195 | Sin anclaje (Origen a 55px)
15:18:30.136 DEBUG - [SALTO CORTO LIBRE] X:1863->5 | Sin anclaje (Origen a 57px)
15:18:31.004 DEBUG - [SALTO CORTO LIBRE] X:0->1892 | Sin anclaje (Origen a 0px)
15:18:38.959 DEBUG - [SALTO CORTO LIBRE] X:1919->5 | Sin anclaje (Origen a 1px)
15:18:40.181 DEBUG - [SALTO CORTO LIBRE] X:0->1900 | Sin anclaje (Origen a 0px)
15:18:45.555 DEBUG - [SALTO CORTO LIBRE] X:1865->5 | Sin anclaje (Origen a 55px)
15:18:47.169 DEBUG - [SALTO CORTO LIBRE] X:0->1893 | Sin anclaje (Origen a 0px)
15:18:48.396 DEBUG - [SALTO CORTO LIBRE] X:1845->5 | Sin anclaje (Origen a 75px)
15:18:49.329 DEBUG - [SALTO CORTO LIBRE] X:0->1901 | Sin anclaje (Origen a 0px)
15:18:55.426 DEBUG - [SALTO CORTO LIBRE] X:1864->5 | Sin anclaje (Origen a 56px)
15:18:56.820 DEBUG - [SALTO CORTO LIBRE] X:0->1900 | Sin anclaje (Origen a 0px)
15:19:15.403 INFO - ==========================================
15:19:15.403 INFO - SISTEMA REINICIADO CON DPI AWARENESS
15:19:15.403 INFO - ARCHIVO DE LOGS: D:\scripts\status script\f22_debug.log
15:19:15.403 INFO - ==========================================
15:19:21.827 DEBUG - [SALTO CORTO LIBRE] X:1860->5 | Sin anclaje (Origen a 60px)
15:19:23.089 DEBUG - [SALTO CORTO LIBRE] X:0->1915 | Sin anclaje (Origen a 0px)
15:19:31.842 DEBUG - [SALTO CORTO LIBRE] X:1909->5 | Sin anclaje (Origen a 11px)
15:19:34.629 DEBUG - [SALTO CORTO LIBRE] X:1919->65 | Sin anclaje (Origen a 1px)
15:19:37.363 DEBUG - [SALTO CORTO LIBRE] X:1919->5 | Sin anclaje (Origen a 1px)
15:19:59.644 DEBUG - [SALTO CORTO LIBRE] X:1883->5 | Sin anclaje (Origen a 37px)
15:20:03.117 DEBUG - [SALTO CORTO LIBRE] X:1874->5 | Sin anclaje (Origen a 46px)
15:20:14.178 DEBUG - [SALTO CORTO LIBRE] Y:42->1195 | Sin anclaje (Origen a 42px)
15:20:15.093 DEBUG - [SALTO CORTO LIBRE] Y:1199->20 | Sin anclaje (Origen a 1px)
15:20:16.257 DEBUG - [SALTO CORTO LIBRE] Y:48->1195 | Sin anclaje (Origen a 48px)
15:20:17.079 DEBUG - [SALTO CORTO LIBRE] Y:1199->13 | Sin anclaje (Origen a 1px)
15:20:27.527 DEBUG - [SALTO CORTO LIBRE] Y:0->1195 | Sin anclaje (Origen a 0px)
15:20:30.686 DEBUG - [SALTO CORTO LIBRE] Y:5->1195 | Sin anclaje (Origen a 5px)
15:20:31.392 DEBUG - [SALTO CORTO LIBRE] Y:1199->5 | Sin anclaje (Origen a 1px)
15:20:32.804 DEBUG - [SALTO CORTO LIBRE] Y:9->1195 | Sin anclaje (Origen a 9px)
15:20:33.506 DEBUG - [SALTO CORTO LIBRE] Y:1199->5 | Sin anclaje (Origen a 1px)
15:20:40.779 DEBUG - [SALTO CORTO LIBRE] Y:0->1195 | Sin anclaje (Origen a 0px)
15:22:44.589 INFO - ==========================================
15:22:44.589 INFO - SISTEMA REINICIADO CON DPI AWARENESS
15:22:44.589 INFO - ARCHIVO DE LOGS: D:\scripts\status script\f22_debug.log
15:22:44.589 INFO - ==========================================
15:22:47.205 DEBUG - [SALTO LIBRE POR ZONA] Y:0->1195 | Origen en zona de borde (0px)
15:22:49.420 DEBUG - [SALTO LIBRE POR ZONA] Y:1199->5 | Origen en zona de borde (1px)
15:22:50.337 DEBUG - [SALTO LIBRE POR ZONA] Y:0->1195 | Origen en zona de borde (0px)
15:22:51.048 DEBUG - [SALTO LIBRE POR ZONA] Y:1172->1 | Origen en zona de borde (28px)
15:22:51.748 DEBUG - [SALTO LIBRE POR ZONA] Y:0->1195 | Origen en zona de borde (0px)
15:22:52.453 DEBUG - [SALTO LIBRE POR ZONA] Y:1199->5 | Origen en zona de borde (1px)
15:22:54.376 DEBUG - [SALTO LIBRE POR ZONA] X:1901->5 | Origen en zona de borde (19px)
15:22:55.304 DEBUG - [SALTO LIBRE POR ZONA] X:0->1908 | Origen en zona de borde (0px)
15:22:56.570 DEBUG - [SALTO LIBRE POR ZONA] X:1909->5 | Origen en zona de borde (11px)
15:23:00.855 DEBUG - [SALTO LIBRE POR ZONA] X:1865->5 | Origen en zona de borde (55px)
15:23:02.385 DEBUG - [SALTO LIBRE POR ZONA] X:0->1915 | Origen en zona de borde (0px)
15:23:06.367 DEBUG - [SALTO LIBRE POR ZONA] X:58->1915 | Origen en zona de borde (58px)
15:23:17.975 DEBUG - [SALTO LIBRE POR ZONA] X:1868->5 | Origen en zona de borde (52px)
15:23:18.777 DEBUG - [SALTO LIBRE POR ZONA] X:0->1892 | Origen en zona de borde (0px)
15:23:20.062 DEBUG - [SALTO LIBRE POR ZONA] X:1871->5 | Origen en zona de borde (49px)
15:23:21.289 DEBUG - [SALTO LIBRE POR ZONA] X:0->1915 | Origen en zona de borde (0px)
15:23:24.657 DEBUG - [SALTO LIBRE POR ZONA] X:1873->5 | Origen en zona de borde (47px)
15:23:25.355 DEBUG - [SALTO LIBRE POR ZONA] X:0->1915 | Origen en zona de borde (0px)
15:23:28.151 DEBUG - [SALTO LIBRE POR ZONA] X:1873->5 | Origen en zona de borde (47px)
15:23:28.859 DEBUG - [SALTO LIBRE POR ZONA] X:0->1888 | Origen en zona de borde (0px)
15:23:31.079 DEBUG - [SALTO LIBRE POR ZONA] X:1859->5 | Origen en zona de borde (61px)
15:23:31.779 DEBUG - [SALTO LIBRE POR ZONA] X:0->1915 | Origen en zona de borde (0px)
15:26:13.729 INFO - ==========================================
15:26:13.729 INFO - SISTEMA REINICIADO CON DPI AWARENESS
15:26:13.729 INFO - ARCHIVO DE LOGS: D:\scripts\status script\f22_debug.log
15:26:13.729 INFO - ==========================================
15:26:20.475 DEBUG - [SALTO LIBRE POR ZONA] X:1856->5 | Origen en zona de borde (64px)
15:26:24.592 DEBUG - [SALTO LIBRE POR ZONA] X:1919->5 | Origen en zona de borde (1px)
15:26:25.671 DEBUG - [SALTO LIBRE POR ZONA] X:0->1915 | Origen en zona de borde (0px)
15:26:26.732 DEBUG - [SALTO LIBRE POR ZONA] X:1919->65 | Origen en zona de borde (1px)
15:26:27.856 DEBUG - [SALTO LIBRE POR ZONA] X:0->1915 | Origen en zona de borde (0px)
15:26:30.090 DEBUG - [SALTO LIBRE POR ZONA] X:1919->65 | Origen en zona de borde (1px)
15:26:31.998 DEBUG - [SALTO LIBRE POR ZONA] X:0->1855 | Origen en zona de borde (0px)
15:26:33.685 DEBUG - [SALTO LIBRE POR ZONA] X:1919->5 | Origen en zona de borde (1px)
15:26:38.412 DEBUG - [SALTO LIBRE POR ZONA] Y:49->1195 | Origen en zona de borde (49px)
15:26:41.014 DEBUG - [SALTO LIBRE POR ZONA] Y:54->1195 | Origen en zona de borde (54px)
15:26:41.891 DEBUG - [SALTO LIBRE POR ZONA] Y:1199->5 | Origen en zona de borde (1px)
15:26:42.596 DEBUG - [SALTO LIBRE POR ZONA] Y:0->1195 | Origen en zona de borde (0px)
15:26:50.086 DEBUG - [SALTO LIBRE POR ZONA] Y:60->1195 | Origen en zona de borde (60px)
15:26:51.021 DEBUG - [SALTO LIBRE POR ZONA] Y:1199->27 | Origen en zona de borde (1px)
15:26:54.457 DEBUG - [SALTO LIBRE POR ZONA] Y:56->1195 | Origen en zona de borde (56px)
15:26:55.176 DEBUG - [SALTO LIBRE POR ZONA] Y:1199->5 | Origen en zona de borde (1px)
15:27:29.230 INFO - ==========================================
15:27:29.230 INFO - SISTEMA REINICIADO CON DPI AWARENESS
15:27:29.231 INFO - ARCHIVO DE LOGS: D:\scripts\status script\f22_debug.log
15:27:29.231 INFO - ==========================================
15:27:35.552 DEBUG - [SALTO LIBRE POR ZONA] X:1845->5 | Origen en zona de borde (75px)
15:27:36.408 DEBUG - [SALTO LIBRE POR ZONA] X:0->1900 | Origen en zona de borde (0px)
15:27:47.790 DEBUG - [SALTO LIBRE POR ZONA] X:1919->5 | Origen en zona de borde (1px)
15:27:49.236 DEBUG - [SALTO LIBRE POR ZONA] X:40->1915 | Origen en zona de borde (40px)
15:27:54.981 DEBUG - [SALTO LIBRE POR ZONA] X:1918->5 | Origen en zona de borde (2px)
15:27:57.740 DEBUG - [SALTO LIBRE POR ZONA] X:1896.2800000000002->66 | Origen en zona de borde (23.7199999999998px)
15:28:00.010 DEBUG - [SALTO LIBRE POR ZONA] X:1892->5 | Origen en zona de borde (28px)
15:28:01.757 DEBUG - [SALTO LIBRE POR ZONA] X:5->1915 | Origen en zona de borde (5px)
15:28:03.687 DEBUG - [SALTO LIBRE POR ZONA] X:1919->46 | Origen en zona de borde (1px)
15:28:05.178 DEBUG - [SALTO LIBRE POR ZONA] X:0->1915 | Origen en zona de borde (0px)
15:28:07.656 DEBUG - [SALTO LIBRE POR ZONA] Y:0->1195 | Origen en zona de borde (0px)
15:28:09.207 DEBUG - [SALTO LIBRE POR ZONA] Y:1199->5 | Origen en zona de borde (1px)
15:28:10.321 DEBUG - [SALTO LIBRE POR ZONA] X:1912->5 | Origen en zona de borde (8px)
15:28:15.169 DEBUG - [SALTO LIBRE POR ZONA] X:1856->5 | Origen en zona de borde (64px)
15:28:38.719 INFO - ==========================================
15:28:38.719 INFO - SISTEMA REINICIADO CON DPI AWARENESS
15:28:38.719 INFO - ARCHIVO DE LOGS: D:\scripts\status script\f22_debug.log
15:28:38.719 INFO - ==========================================
15:29:18.814 DEBUG - [SALTO LIBRE POR ZONA] X:1845->5 | Origen en zona de borde (75px)
15:29:19.756 DEBUG - [SALTO LIBRE POR ZONA] X:0->1900 | Origen en zona de borde (0px)
15:29:30.388 DEBUG - [SALTO LIBRE POR ZONA] X:1919->5 | Origen en zona de borde (1px)
15:29:35.137 DEBUG - [SALTO LIBRE POR ZONA] Y:31->1195 | Origen en zona de borde (31px)
15:29:38.274 DEBUG - [SALTO LIBRE POR ZONA] Y:35->1195 | Origen en zona de borde (35px)
15:29:40.651 DEBUG - [SALTO LIBRE POR ZONA] Y:15->1195 | Origen en zona de borde (15px)
15:29:42.607 DEBUG - [SALTO LIBRE POR ZONA] X:1831->5 | Origen en zona de borde (89px)
15:29:45.859 DEBUG - [SALTO LIBRE POR ZONA] X:1919->5 | Origen en zona de borde (1px)
15:29:48.665 DEBUG - [SALTO LIBRE POR ZONA] X:1919->5 | Origen en zona de borde (1px)
15:29:51.257 DEBUG - [SALTO LIBRE POR ZONA] X:1919->65 | Origen en zona de borde (1px)
15:29:54.338 DEBUG - [SALTO LIBRE POR ZONA] X:1919->5 | Origen en zona de borde (1px)
15:29:57.667 DEBUG - [SALTO LIBRE POR ZONA] X:1919->65 | Origen en zona de borde (1px)
15:30:00.871 DEBUG - [SALTO LIBRE POR ZONA] X:1919->65 | Origen en zona de borde (1px)
15:30:04.698 DEBUG - [SALTO LIBRE POR ZONA] X:1919->25 | Origen en zona de borde (1px)
15:30:07.541 DEBUG - [SALTO LIBRE POR ZONA] X:1919->25 | Origen en zona de borde (1px)
15:30:08.978 DEBUG - [SALTO LIBRE POR ZONA] X:0->1884 | Origen en zona de borde (0px)
15:30:11.314 DEBUG - [SALTO LIBRE POR ZONA] X:1919->65 | Origen en zona de borde (1px)
15:30:14.309 DEBUG - [SALTO LIBRE POR ZONA] X:1919->65 | Origen en zona de borde (1px)
15:30:18.480 DEBUG - [SALTO LIBRE POR ZONA] X:1919->5 | Origen en zona de borde (1px)
15:30:21.581 DEBUG - [SALTO LIBRE POR ZONA] X:1919->65 | Origen en zona de borde (1px)
15:30:24.081 DEBUG - [SALTO LIBRE POR ZONA] X:1919->5 | Origen en zona de borde (1px)
15:30:27.471 DEBUG - [SALTO LIBRE POR ZONA] X:1919->66 | Origen en zona de borde (1px)
15:30:30.932 DEBUG - [SALTO LIBRE POR ZONA] X:1919->25 | Origen en zona de borde (1px)
15:30:33.144 DEBUG - [SALTO LIBRE POR ZONA] X:1919->45 | Origen en zona de borde (1px)
15:30:36.490 DEBUG - [SALTO LIBRE POR ZONA] X:1919->65 | Origen en zona de borde (1px)
15:31:22.241 DEBUG - [SALTO LIBRE POR ZONA] X:1861->5 | Origen en zona de borde (59px)
15:31:22.950 DEBUG - [SALTO LIBRE POR ZONA] X:0->1874 | Origen en zona de borde (0px)
15:31:31.831 DEBUG - [SALTO LIBRE POR ZONA] X:1919->25 | Origen en zona de borde (1px)
15:31:41.658 DEBUG - [SALTO LIBRE POR ZONA] X:1919->5 | Origen en zona de borde (1px)
15:31:42.637 DEBUG - [SALTO LIBRE POR ZONA] X:0->1915 | Origen en zona de borde (0px)
15:31:47.330 DEBUG - [SALTO LIBRE POR ZONA] X:1919->45 | Origen en zona de borde (1px)
15:31:49.890 DEBUG - [SALTO LIBRE POR ZONA] X:1919->5 | Origen en zona de borde (1px)
15:31:51.294 DEBUG - [SALTO LIBRE POR ZONA] X:31.403999999999968->1895 | Origen en zona de borde (31.403999999999968px)
15:31:53.943 DEBUG - [SALTO LIBRE POR ZONA] X:1907->5 | Origen en zona de borde (13px)
15:31:54.648 DEBUG - [SALTO LIBRE POR ZONA] X:0->1915 | Origen en zona de borde (0px)
15:31:55.965 DEBUG - [SALTO LIBRE POR ZONA] X:1901->5 | Origen en zona de borde (19px)
15:31:56.666 DEBUG - [SALTO LIBRE POR ZONA] X:0->1914 | Origen en zona de borde (0px)
15:31:58.841 DEBUG - [SALTO LIBRE POR ZONA] X:1919->25 | Origen en zona de borde (1px)
15:32:01.727 DEBUG - [SALTO LIBRE POR ZONA] X:1919->5 | Origen en zona de borde (1px)
15:33:59.774 INFO - ==========================================
15:33:59.774 INFO - SISTEMA REINICIADO CON DPI AWARENESS
15:33:59.774 INFO - ARCHIVO DE LOGS: D:\scripts\status script\f22_debug.log
15:33:59.774 INFO - ==========================================
15:34:05.431 DEBUG - [SALTO LIBRE POR ZONA] X:1891.016->20 | Origen en zona de borde (28.983999999999924px)
15:34:08.099 DEBUG - [SALTO LIBRE POR ZONA] X:1898.08->15 | Origen en zona de borde (21.920000000000073px)
15:34:10.096 DEBUG - [SALTO LIBRE POR ZONA] X:1836.012->25 | Origen en zona de borde (83.98800000000006px)
15:34:12.787 DEBUG - [SALTO LIBRE POR ZONA] X:1874.44->22 | Origen en zona de borde (45.559999999999945px)
15:34:14.447 DEBUG - [SALTO LIBRE POR ZONA] Y:59.908->1175 | Origen en zona de borde (59.908px)
15:34:20.010 DEBUG - [SALTO LIBRE POR ZONA] Y:98.39199999999998->1175 | Origen en zona de borde (98.39199999999998px)
15:34:26.032 DEBUG - [SALTO LIBRE POR ZONA] Y:0->1191 | Origen en zona de borde (0px)
15:34:40.340 DEBUG - [SALTO LIBRE POR ZONA] X:31.811999999999998->1915 | Origen en zona de borde (31.811999999999998px)
15:34:42.812 DEBUG - [SALTO LIBRE POR ZONA] X:1919->5 | Origen en zona de borde (1px)
15:34:43.411 DEBUG - [SALTO LIBRE POR ZONA] X:0->1915 | Origen en zona de borde (0px)
15:34:44.288 DEBUG - [SALTO LIBRE POR ZONA] X:1889.524->22 | Origen en zona de borde (30.476000000000113px)
15:34:47.109 DEBUG - [SALTO LIBRE POR ZONA] X:1882.34->5 | Origen en zona de borde (37.66000000000008px)
15:34:49.978 DEBUG - [SALTO LIBRE POR ZONA] X:1912.8760000000002->65 | Origen en zona de borde (7.123999999999796px)
15:34:51.726 DEBUG - [SALTO LIBRE POR ZONA] X:1878.9840000000002->49 | Origen en zona de borde (41.01599999999985px)
15:34:53.462 DEBUG - [SALTO LIBRE POR ZONA] X:1880.036->19 | Origen en zona de borde (39.96399999999994px)
15:34:55.161 DEBUG - [SALTO LIBRE POR ZONA] X:1898.108->5 | Origen en zona de borde (21.892000000000053px)
15:34:56.475 DEBUG - [SALTO LIBRE POR ZONA] X:1900.592->5 | Origen en zona de borde (19.4079999999999px)
15:35:36.212 DEBUG - [SALTO LIBRE POR ZONA] X:1864.5960000000002->39 | Origen en zona de borde (55.40399999999977px)
15:35:37.566 DEBUG - [SALTO LIBRE POR ZONA] X:0->1908 | Origen en zona de borde (0px)
15:35:54.971 DEBUG - [SALTO LIBRE POR ZONA] X:57.64399999999998->1915 | Origen en zona de borde (57.64399999999998px)
16:01:07.268 INFO - ==========================================
16:01:07.268 INFO - SISTEMA REINICIADO CON DPI AWARENESS
16:01:07.268 INFO - ARCHIVO DE LOGS: D:\scripts\status script\f22_debug.log
16:01:07.268 INFO - ==========================================
16:01:47.383 INFO - ==========================================
16:01:47.383 INFO - SISTEMA REINICIADO CON DPI AWARENESS
16:01:47.383 INFO - ARCHIVO DE LOGS: D:\scripts\status script\f22_debug.log
16:01:47.383 INFO - ==========================================
16:01:54.630 DEBUG - [SALTO LIBRE POR ZONA] X:1908.54->36 | Origen en zona de borde (11.460000000000036px)
16:02:05.386 DEBUG - [SALTO LIBRE POR ZONA] X:1904.0880000000002->45 | Origen en zona de borde (15.911999999999807px)
16:02:07.397 DEBUG - [SALTO LIBRE POR ZONA] X:1898.892->12 | Origen en zona de borde (21.107999999999947px)
16:02:08.128 DEBUG - [SALTO LIBRE POR ZONA] X:1860.2399999999998->5 | Origen en zona de borde (59.76000000000022px)
16:02:08.733 DEBUG - [SALTO LIBRE POR ZONA] X:1838.04->5 | Origen en zona de borde (81.96000000000004px)
16:02:09.360 DEBUG - [SALTO LIBRE POR ZONA] X:1844.308->65 | Origen en zona de borde (75.69200000000001px)
16:02:11.489 DEBUG - [SALTO LIBRE POR ZONA] X:1882.3639999999996->5 | Origen en zona de borde (37.63600000000042px)
16:02:13.076 DEBUG - [SALTO LIBRE POR ZONA] X:1883.3960000000002->19 | Origen en zona de borde (36.603999999999814px)
16:02:14.567 DEBUG - [SALTO LIBRE POR ZONA] X:1898.1399999999999->27 | Origen en zona de borde (21.860000000000127px)
16:02:16.216 DEBUG - [SALTO LIBRE POR ZONA] X:1912.192->27 | Origen en zona de borde (7.807999999999993px)
16:02:33.206 DEBUG - [SALTO LIBRE POR ZONA] X:1919->21 | Origen en zona de borde (1px)
16:03:32.109 INFO - ==========================================
16:03:32.110 INFO - SISTEMA REINICIADO CON DPI AWARENESS
16:03:32.110 INFO - ARCHIVO DE LOGS: D:\scripts\status script\f22_debug.log
16:03:32.110 INFO - ==========================================
16:04:12.459 INFO - ==========================================
16:04:12.459 INFO - SISTEMA REINICIADO CON DPI AWARENESS
16:04:12.459 INFO - ARCHIVO DE LOGS: D:\scripts\status script\f22_debug.log
16:04:12.460 INFO - ==========================================
16:05:32.877 INFO - ==========================================
16:05:32.877 INFO - SISTEMA REINICIADO CON DPI AWARENESS
16:05:32.877 INFO - ARCHIVO DE LOGS: D:\scripts\status script\f22_debug.log
16:05:32.877 INFO - ==========================================
16:05:50.362 INFO - ==========================================
16:05:50.362 INFO - SISTEMA REINICIADO CON DPI AWARENESS
16:05:50.362 INFO - ARCHIVO DE LOGS: D:\scripts\status script\f22_debug.log
16:05:50.362 INFO - ==========================================
16:07:04.080 INFO - ==========================================
16:07:04.080 INFO - SISTEMA REINICIADO CON DPI AWARENESS
16:07:04.080 INFO - ARCHIVO DE LOGS: D:\scripts\status script\f22_debug.log
16:07:04.080 INFO - ==========================================
16:08:17.370 INFO - ==========================================
16:08:17.370 INFO - SISTEMA REINICIADO CON DPI AWARENESS
16:08:17.370 INFO - ARCHIVO DE LOGS: D:\scripts\status script\f22_debug.log
16:08:17.370 INFO - ==========================================
16:10:23.519 INFO - ==========================================
16:10:23.519 INFO - SISTEMA REINICIADO CON DPI AWARENESS
16:10:23.519 INFO - ARCHIVO DE LOGS: D:\scripts\status script\f22_debug.log
16:10:23.519 INFO - ==========================================
16:10:38.293 DEBUG - [SALTO LIBRE POR ZONA] X:1820->5 | Origen en zona de borde (100px)
16:10:38.999 DEBUG - [SALTO LIBRE POR ZONA] X:0->1915 | Origen en zona de borde (0px)
16:10:46.190 DEBUG - [SALTO LIBRE POR ZONA] X:1919->5 | Origen en zona de borde (1px)
16:10:48.268 DEBUG - [SALTO LIBRE POR ZONA] Y:31->1195 | Origen en zona de borde (31px)
16:10:50.025 DEBUG - [SALTO LIBRE POR ZONA] Y:1156->5 | Origen en zona de borde (44px)
16:10:53.051 DEBUG - [SALTO LIBRE POR ZONA] Y:0->1195 | Origen en zona de borde (0px)
16:10:55.440 DEBUG - [SALTO LIBRE POR ZONA] X:1919->55 | Origen en zona de borde (1px)
16:10:56.333 DEBUG - [SALTO LIBRE POR ZONA] X:9->1915 | Origen en zona de borde (9px)
16:10:57.692 DEBUG - [SALTO LIBRE POR ZONA] X:1919->65 | Origen en zona de borde (1px)
16:10:59.304 DEBUG - [SALTO LIBRE POR ZONA] X:48->1915 | Origen en zona de borde (48px)
16:11:11.343 DEBUG - [SALTO LIBRE POR ZONA] X:1919->5 | Origen en zona de borde (1px)
16:11:12.911 DEBUG - [SALTO LIBRE POR ZONA] X:0->1915 | Origen en zona de borde (0px)
16:11:14.091 DEBUG - [SALTO LIBRE POR ZONA] X:1894->5 | Origen en zona de borde (26px)
16:11:15.109 DEBUG - [SALTO LIBRE POR ZONA] X:0->1893 | Origen en zona de borde (0px)
16:11:17.566 DEBUG - [SALTO LIBRE POR ZONA] X:1919->5 | Origen en zona de borde (1px)
16:11:21.142 DEBUG - [SALTO LIBRE POR ZONA] X:1919->29 | Origen en zona de borde (1px)
16:11:23.422 DEBUG - [SALTO LIBRE POR ZONA] X:1866->5 | Origen en zona de borde (54px)
16:11:24.389 DEBUG - [SALTO LIBRE POR ZONA] X:0->1915 | Origen en zona de borde (0px)
16:11:25.417 DEBUG - [SALTO LIBRE POR ZONA] X:1880->5 | Origen en zona de borde (40px)
16:11:26.118 DEBUG - [SALTO LIBRE POR ZONA] X:0->1915 | Origen en zona de borde (0px)
16:11:26.991 DEBUG - [SALTO LIBRE POR ZONA] X:1919->5 | Origen en zona de borde (1px)
16:11:27.842 DEBUG - [SALTO LIBRE POR ZONA] X:0->1893 | Origen en zona de borde (0px)
16:11:29.883 DEBUG - [SALTO LIBRE POR ZONA] X:1919->66 | Origen en zona de borde (1px)
16:11:32.553 DEBUG - [SALTO LIBRE POR ZONA] X:1919->5 | Origen en zona de borde (1px)
16:11:33.257 DEBUG - [SALTO LIBRE POR ZONA] X:0->1915 | Origen en zona de borde (0px)
16:11:34.400 DEBUG - [SALTO LIBRE POR ZONA] X:1919->45 | Origen en zona de borde (1px)
16:11:36.332 DEBUG - [SALTO LIBRE POR ZONA] X:1907->5 | Origen en zona de borde (13px)
16:11:40.325 DEBUG - [SALTO LIBRE POR ZONA] X:1886->5 | Origen en zona de borde (34px)
16:11:41.053 DEBUG - [SALTO LIBRE POR ZONA] X:0->1915 | Origen en zona de borde (0px)
16:11:43.220 DEBUG - [SALTO LIBRE POR ZONA] X:1919->5 | Origen en zona de borde (1px)
16:11:44.188 DEBUG - [SALTO LIBRE POR ZONA] X:0->1915 | Origen en zona de borde (0px)
16:11:46.547 DEBUG - [SALTO LIBRE POR ZONA] X:1919->5 | Origen en zona de borde (1px)
16:11:47.254 DEBUG - [SALTO LIBRE POR ZONA] X:0->1915 | Origen en zona de borde (0px)
16:13:19.413 DEBUG - [SALTO LIBRE POR ZONA] X:1903->5 | Origen en zona de borde (17px)
16:13:20.122 DEBUG - [SALTO LIBRE POR ZONA] X:0->1915 | Origen en zona de borde (0px)
16:13:47.237 DEBUG - [SALTO LIBRE POR ZONA] X:1919->5 | Origen en zona de borde (1px)
16:13:47.946 DEBUG - [SALTO LIBRE POR ZONA] X:0->1915 | Origen en zona de borde (0px)
16:13:49.434 DEBUG - [SALTO LIBRE POR ZONA] X:1891->5 | Origen en zona de borde (29px)
16:13:50.130 DEBUG - [SALTO LIBRE POR ZONA] X:0->1915 | Origen en zona de borde (0px)
16:14:19.582 INFO - ==========================================
16:14:19.582 INFO - SISTEMA REINICIADO CON DPI AWARENESS
16:14:19.582 INFO - ARCHIVO DE LOGS: D:\scripts\status script\f22_debug.log
16:14:19.582 INFO - ==========================================
16:14:24.126 DEBUG - [HID MSG] LAYER_ALFA
16:14:24.130 INFO - Capa detectada: ALFA - Mostrando indicadores
16:14:24.729 DEBUG - [HID MSG] LAYER_BASE
16:14:24.729 INFO - Capa BASE o no reconocida - Ocultando indicadores
16:14:25.124 DEBUG - [HID MSG] LAYER_ALFA
16:14:25.124 INFO - Capa detectada: ALFA - Mostrando indicadores
16:14:25.375 DEBUG - [HID MSG] LAYER_BASE
16:14:25.376 INFO - Capa BASE o no reconocida - Ocultando indicadores
16:14:26.016 DEBUG - [HID MSG] LAYER_ALFA
16:14:26.017 INFO - Capa detectada: ALFA - Mostrando indicadores
16:14:26.274 DEBUG - [HID MSG] LAYER_BASE
16:14:26.274 INFO - Capa BASE o no reconocida - Ocultando indicadores
16:14:26.900 DEBUG - [HID MSG] LAYER_MOVE
16:14:26.901 INFO - Capa detectada: MOVE - Mostrando indicadores
16:14:27.279 DEBUG - [HID MSG] LAYER_BASE
16:14:27.279 INFO - Capa BASE o no reconocida - Ocultando indicadores
16:14:27.695 DEBUG - [HID MSG] LAYER_ALFA
16:14:27.697 INFO - Capa detectada: ALFA - Mostrando indicadores
16:14:27.811 DEBUG - [HID MSG] LAYER_BASE
16:14:27.811 INFO - Capa BASE o no reconocida - Ocultando indicadores
16:14:44.083 DEBUG - [HID MSG] LAYER_ALFA
16:14:44.085 INFO - Capa detectada: ALFA - Mostrando indicadores
16:14:44.400 DEBUG - [HID MSG] LAYER_BASE
16:14:44.400 INFO - Capa BASE o no reconocida - Ocultando indicadores
16:14:44.813 DEBUG - [HID MSG] LAYER_MOVE
16:14:44.814 INFO - Capa detectada: MOVE - Mostrando indicadores
16:14:44.943 DEBUG - [HID MSG] LAYER_BASE
16:14:44.945 INFO - Capa BASE o no reconocida - Ocultando indicadores
16:14:46.047 DEBUG - [HID MSG] LAYER_ALFA
16:14:46.049 INFO - Capa detectada: ALFA - Mostrando indicadores
16:14:46.447 DEBUG - [HID MSG] LAYER_BASE
16:14:46.449 INFO - Capa BASE o no reconocida - Ocultando indicadores
16:14:46.835 DEBUG - [HID MSG] LAYER_ALFA
16:14:46.836 INFO - Capa detectada: ALFA - Mostrando indicadores
16:14:47.043 DEBUG - [HID MSG] LAYER_BASE
16:14:47.045 INFO - Capa BASE o no reconocida - Ocultando indicadores
16:14:49.050 DEBUG - [SALTO LIBRE POR ZONA] X:1919->5 | Origen en zona de borde (1px)
16:14:50.395 DEBUG - [SALTO LIBRE POR ZONA] X:10->1915 | Origen en zona de borde (10px)
16:14:52.069 DEBUG - [SALTO LIBRE POR ZONA] X:1919->5 | Origen en zona de borde (1px)
16:14:54.549 DEBUG - [SALTO LIBRE POR ZONA] X:0->1915 | Origen en zona de borde (0px)
16:14:56.306 DEBUG - [SALTO LIBRE POR ZONA] X:1902->5 | Origen en zona de borde (18px)
16:14:58.936 DEBUG - [SALTO LIBRE POR ZONA] X:0->1915 | Origen en zona de borde (0px)
16:15:00.528 DEBUG - [SALTO LIBRE POR ZONA] X:1919->5 | Origen en zona de borde (1px)
16:15:01.991 DEBUG - [SALTO LIBRE POR ZONA] X:0->1915 | Origen en zona de borde (0px)
16:15:03.445 DEBUG - [SALTO LIBRE POR ZONA] X:1919->5 | Origen en zona de borde (1px)
16:15:05.016 DEBUG - [SALTO LIBRE POR ZONA] X:0->1915 | Origen en zona de borde (0px)
16:15:06.577 DEBUG - [SALTO LIBRE POR ZONA] X:1919->5 | Origen en zona de borde (1px)
16:15:09.260 DEBUG - [SALTO LIBRE POR ZONA] X:0->1915 | Origen en zona de borde (0px)
16:15:10.638 DEBUG - [SALTO LIBRE POR ZONA] X:1919->5 | Origen en zona de borde (1px)
16:16:12.354 INFO - ==========================================
16:16:12.355 INFO - SISTEMA REINICIADO CON DPI AWARENESS
16:16:12.355 INFO - ARCHIVO DE LOGS: D:\scripts\status script\f22_debug.log
16:16:12.355 INFO - ==========================================
16:16:17.688 DEBUG - [SALTO LIBRE POR ZONA] X:1915->5 | Origen en zona de borde (5px)
16:16:18.775 DEBUG - [SALTO LIBRE POR ZONA] X:0->1915 | Origen en zona de borde (0px)
16:16:20.092 DEBUG - [SALTO LIBRE POR ZONA] X:1919->5 | Origen en zona de borde (1px)
16:16:28.695 DEBUG - [HID MSG] LAYER_ALFA
16:16:28.697 INFO - Capa detectada: ALFA - Mostrando indicadores
16:16:30.278 DEBUG - [HID MSG] LAYER_BASE
16:16:30.279 INFO - Capa BASE o no reconocida - Ocultando indicadores
16:16:31.439 DEBUG - [HID MSG] LAYER_ALFA
16:16:31.440 INFO - Capa detectada: ALFA - Mostrando indicadores
16:16:33.434 DEBUG - [HID MSG] LAYER_BASE
16:16:33.434 INFO - Capa BASE o no reconocida - Ocultando indicadores
16:16:42.909 DEBUG - [HID MSG] AT_ON LAYER_BASE
16:16:42.996 DEBUG - [HID MSG] AT_ON LAYER_BASE
16:16:43.676 DEBUG - [HID MSG] AT_ON LAYER_BASE
16:16:43.930 DEBUG - [HID MSG] AT_OFF LAYER_BASE
16:16:47.099 INFO - ==========================================
16:16:47.099 INFO - SISTEMA REINICIADO CON DPI AWARENESS
16:16:47.100 INFO - ARCHIVO DE LOGS: D:\scripts\status script\f22_debug.log
16:16:47.100 INFO - ==========================================
16:16:50.416 DEBUG - [SALTO LIBRE POR ZONA] X:1919->5 | Origen en zona de borde (1px)
16:16:51.629 DEBUG - [SALTO LIBRE POR ZONA] X:0->1915 | Origen en zona de borde (0px)
16:16:52.977 DEBUG - [SALTO LIBRE POR ZONA] X:1919->5 | Origen en zona de borde (1px)
16:16:54.634 DEBUG - [SALTO LIBRE POR ZONA] X:1821->5 | Origen en zona de borde (99px)
16:16:55.341 DEBUG - [SALTO LIBRE POR ZONA] X:0->1915 | Origen en zona de borde (0px)
16:16:59.213 DEBUG - [HID MSG] AT_ON LAYER_BASE
16:16:59.285 DEBUG - [HID MSG] AT_ON LAYER_BASE
16:17:00.565 DEBUG - [HID MSG] AT_ON LAYER_BASE
16:17:00.725 DEBUG - [HID MSG] AT_ON LAYER_BASE
16:17:01.085 DEBUG - [HID MSG] AT_OFF LAYER_BASE
16:17:08.428 DEBUG - [SALTO LIBRE POR ZONA] X:97->1915 | Origen en zona de borde (97px)
16:17:09.130 DEBUG - [SALTO LIBRE POR ZONA] X:1884->0 | Origen en zona de borde (36px)
16:17:09.832 DEBUG - [SALTO LIBRE POR ZONA] X:0->1899 | Origen en zona de borde (0px)
16:17:12.835 DEBUG - [SALTO LIBRE POR ZONA] X:1845->5 | Origen en zona de borde (75px)
16:17:13.887 DEBUG - [SALTO LIBRE POR ZONA] X:0->1908 | Origen en zona de borde (0px)
16:17:19.890 DEBUG - [SALTO LIBRE POR ZONA] X:1815->5 | Origen en zona de borde (105px)
16:17:20.689 DEBUG - [SALTO LIBRE POR ZONA] X:0->1885 | Origen en zona de borde (0px)
16:17:25.167 DEBUG - [HID MSG] AT_ON LAYER_BASE
16:17:25.241 DEBUG - [HID MSG] AT_ON LAYER_BASE
16:17:26.327 DEBUG - [HID MSG] AT_ON LAYER_BASE
16:17:26.807 DEBUG - [HID MSG] AT_ON LAYER_BASE
16:17:27.136 DEBUG - [HID MSG] AT_OFF LAYER_BASE
16:17:32.150 DEBUG - [HID MSG] LAYER_BASE
16:17:32.468 DEBUG - [HID MSG] LAYER_BASE
16:17:32.469 DEBUG - [HID MSG] LAYER_BASE
16:17:37.253 DEBUG - [HID MSG] LAYER_ALFA
16:17:37.253 INFO - Capa detectada: ALFA - Mostrando indicadores
16:17:37.791 DEBUG - [HID MSG] LAYER_BASE
16:17:37.791 INFO - Capa BASE o no reconocida - Ocultando indicadores
16:17:37.921 DEBUG - [HID MSG] LAYER_ALFA
16:17:37.922 INFO - Capa detectada: ALFA - Mostrando indicadores
16:17:38.502 DEBUG - [HID MSG] LAYER_NUMB
16:17:38.505 INFO - Capa detectada: NUMB - Mostrando indicadores
16:17:38.702 DEBUG - [HID MSG] LAYER_ALFA
16:17:38.704 INFO - Capa detectada: ALFA - Mostrando indicadores
16:17:38.872 DEBUG - [HID MSG] LAYER_BASE
16:17:38.873 INFO - Capa BASE o no reconocida - Ocultando indicadores
16:17:50.677 DEBUG - [HID MSG] LAYER_ALFA
16:17:50.678 INFO - Capa detectada: ALFA - Mostrando indicadores
16:17:51.296 DEBUG - [HID MSG] LAYER_BASE
16:17:51.296 INFO - Capa BASE o no reconocida - Ocultando indicadores
16:17:51.479 DEBUG - [HID MSG] LAYER_ALFA
16:17:51.480 INFO - Capa detectada: ALFA - Mostrando indicadores
16:17:52.001 DEBUG - [HID MSG] LAYER_NUMB
16:17:52.001 INFO - Capa detectada: NUMB - Mostrando indicadores
16:17:52.293 DEBUG - [HID MSG] LAYER_ALFA
16:17:52.294 INFO - Capa detectada: ALFA - Mostrando indicadores
16:17:52.461 DEBUG - [HID MSG] LAYER_BASE
16:17:52.462 INFO - Capa BASE o no reconocida - Ocultando indicadores
16:17:53.859 DEBUG - [HID MSG] AT_ON LAYER_BASE
16:17:53.931 DEBUG - [HID MSG] AT_ON LAYER_BASE
16:17:54.728 DEBUG - [HID MSG] AT_ON LAYER_BASE
16:17:54.903 DEBUG - [HID MSG] AT_ON LAYER_BASE
16:17:55.188 DEBUG - [HID MSG] AT_OFF LAYER_BASE
16:17:56.408 INFO - ==========================================
16:17:56.408 INFO - SISTEMA REINICIADO CON DPI AWARENESS
16:17:56.408 INFO - ARCHIVO DE LOGS: D:\scripts\status script\f22_debug.log
16:17:56.408 INFO - ==========================================
16:18:02.401 DEBUG - [SALTO LIBRE POR ZONA] X:95->1915 | Origen en zona de borde (95px)
16:18:02.695 DEBUG - [HID MSG] AT_ON LAYER_BASE
16:18:02.776 DEBUG - [HID MSG] AT_ON LAYER_BASE
16:18:03.773 DEBUG - [HID MSG] AT_ON LAYER_BASE
16:18:03.940 DEBUG - [HID MSG] AT_ON LAYER_BASE
16:18:04.201 DEBUG - [HID MSG] AT_OFF LAYER_BASE
16:18:15.021 DEBUG - [SALTO LIBRE POR ZONA] Y:100->1195 | Origen en zona de borde (100px)
16:18:15.729 DEBUG - [SALTO LIBRE POR ZONA] Y:1199->55 | Origen en zona de borde (1px)
16:18:18.376 DEBUG - [SALTO LIBRE POR ZONA] Y:70->1195 | Origen en zona de borde (70px)
16:18:20.455 DEBUG - [SALTO LIBRE POR ZONA] Y:1199->13 | Origen en zona de borde (1px)
16:18:47.913 DEBUG - [SALTO LIBRE POR ZONA] Y:1139->5 | Origen en zona de borde (61px)
16:18:49.010 DEBUG - [SALTO LIBRE POR ZONA] Y:0->1180 | Origen en zona de borde (0px)
16:18:50.795 DEBUG - [SALTO LIBRE POR ZONA] Y:76->1195 | Origen en zona de borde (76px)
16:18:53.113 DEBUG - [SALTO LIBRE POR ZONA] Y:85->1195 | Origen en zona de borde (85px)
16:19:00.583 DEBUG - [SALTO LIBRE POR ZONA] Y:78->1195 | Origen en zona de borde (78px)
16:19:02.566 DEBUG - [SALTO LIBRE POR ZONA] Y:97->1195 | Origen en zona de borde (97px)
16:19:06.094 DEBUG - [SALTO LIBRE POR ZONA] Y:1096->5 | Origen en zona de borde (104px)
16:19:07.318 DEBUG - [SALTO LIBRE POR ZONA] Y:0->1180 | Origen en zona de borde (0px)
16:19:23.323 DEBUG - [SALTO LIBRE POR ZONA] X:1889->5 | Origen en zona de borde (31px)
16:19:24.780 DEBUG - [SALTO LIBRE POR ZONA] X:0->1915 | Origen en zona de borde (0px)
16:19:26.231 DEBUG - [SALTO LIBRE POR ZONA] X:1919->5 | Origen en zona de borde (1px)
16:19:45.526 DEBUG - [SALTO LIBRE POR ZONA] Y:1120->5 | Origen en zona de borde (80px)
16:19:46.720 DEBUG - [SALTO LIBRE POR ZONA] Y:0->1195 | Origen en zona de borde (0px)
16:19:53.309 DEBUG - [HID MSG] AT_ON LAYER_BASE
16:19:53.377 DEBUG - [HID MSG] AT_ON LAYER_BASE
16:19:54.326 DEBUG - [HID MSG] AT_ON LAYER_BASE
16:19:54.531 DEBUG - [HID MSG] AT_ON LAYER_BASE
16:19:55.113 DEBUG - [HID MSG] AT_OFF LAYER_BASE
16:19:57.176 DEBUG - [HID MSG] LAYER_ALFA
16:19:57.176 INFO - Capa detectada: ALFA - Mostrando indicadores
16:19:57.934 DEBUG - [HID MSG] LAYER_BASE
16:19:57.934 INFO - Capa BASE o no reconocida - Ocultando indicadores
16:19:58.071 DEBUG - [HID MSG] LAYER_ALFA
16:19:58.071 INFO - Capa detectada: ALFA - Mostrando indicadores
16:19:58.488 DEBUG - [HID MSG] LAYER_NUMB
16:19:58.502 INFO - Capa detectada: NUMB - Mostrando indicadores
16:19:59.573 DEBUG - [HID MSG] LAYER_ALFA
16:19:59.574 INFO - Capa detectada: ALFA - Mostrando indicadores
16:19:59.948 DEBUG - [HID MSG] LAYER_BASE
16:19:59.949 INFO - Capa BASE o no reconocida - Ocultando indicadores
16:20:00.139 DEBUG - [HID MSG] LAYER_ALFA
16:20:00.140 INFO - Capa detectada: ALFA - Mostrando indicadores
16:20:00.427 DEBUG - [HID MSG] LAYER_NUMB
16:20:00.428 INFO - Capa detectada: NUMB - Mostrando indicadores
16:20:00.725 DEBUG - [HID MSG] LAYER_ALFA
16:20:00.726 INFO - Capa detectada: ALFA - Mostrando indicadores
16:20:00.910 DEBUG - [HID MSG] LAYER_BASE
16:20:00.914 INFO - Capa BASE o no reconocida - Ocultando indicadores
16:20:18.528 DEBUG - [HID MSG] AT_ON LAYER_BASE
16:20:18.600 DEBUG - [HID MSG] AT_ON LAYER_BASE
16:20:19.300 DEBUG - [HID MSG] AT_ON LAYER_BASE
16:20:19.457 DEBUG - [HID MSG] AT_ON LAYER_BASE
16:20:19.697 DEBUG - [HID MSG] AT_OFF LAYER_BASE
16:20:20.934 INFO - ==========================================
16:20:20.934 INFO - SISTEMA REINICIADO CON DPI AWARENESS
16:20:20.934 INFO - ARCHIVO DE LOGS: D:\scripts\status script\f22_debug.log
16:20:20.934 INFO - ==========================================
16:20:32.394 DEBUG - [SALTO LIBRE POR ZONA] Y:65->1195 | Origen en zona de borde (65px)
16:20:33.102 DEBUG - [SALTO LIBRE POR ZONA] Y:1199->5 | Origen en zona de borde (1px)
16:20:35.146 DEBUG - [SALTO LIBRE POR ZONA] Y:64->1195 | Origen en zona de borde (64px)
16:20:36.041 DEBUG - [SALTO LIBRE POR ZONA] Y:1199->5 | Origen en zona de borde (1px)
16:20:49.453 DEBUG - [SALTO LIBRE POR ZONA] Y:73->1195 | Origen en zona de borde (73px)
16:20:54.633 DEBUG - [SALTO LIBRE POR ZONA] Y:45->1195 | Origen en zona de borde (45px)
16:20:56.641 DEBUG - [SALTO LIBRE POR ZONA] Y:48->1195 | Origen en zona de borde (48px)
16:20:58.332 DEBUG - [SALTO LIBRE POR ZONA] Y:1199->5 | Origen en zona de borde (1px)
16:20:59.042 DEBUG - [SALTO LIBRE POR ZONA] Y:0->1195 | Origen en zona de borde (0px)
16:21:00.886 DEBUG - [SALTO LIBRE POR ZONA] Y:81->1195 | Origen en zona de borde (81px)
16:21:01.666 DEBUG - [SALTO LIBRE POR ZONA] Y:1199->5 | Origen en zona de borde (1px)
16:21:09.952 DEBUG - [SALTO LIBRE POR ZONA] Y:82->1195 | Origen en zona de borde (82px)
16:21:10.671 DEBUG - [SALTO LIBRE POR ZONA] Y:1199->5 | Origen en zona de borde (1px)
16:21:17.510 DEBUG - [SALTO LIBRE POR ZONA] X:1790->5 | Origen en zona de borde (130px)
16:21:25.312 DEBUG - [SALTO LIBRE POR ZONA] X:1811->5 | Origen en zona de borde (109px)
16:21:27.343 DEBUG - [SALTO LIBRE POR ZONA] X:1828->5 | Origen en zona de borde (92px)
16:21:28.054 DEBUG - [SALTO LIBRE POR ZONA] X:0->1915 | Origen en zona de borde (0px)
16:21:47.234 DEBUG - [HID MSG] AT_ON LAYER_BASE
16:21:47.310 DEBUG - [HID MSG] AT_ON LAYER_BASE
16:21:47.969 DEBUG - [HID MSG] AT_ON LAYER_BASE
16:21:48.240 DEBUG - [HID MSG] AT_OFF LAYER_BASE
16:21:58.638 DEBUG - [HID MSG] LAYER_ALFA
16:21:58.640 INFO - Capa detectada: ALFA - Mostrando indicadores
16:21:59.195 DEBUG - [HID MSG] LAYER_BASE
16:21:59.196 INFO - Capa BASE o no reconocida - Ocultando indicadores
16:21:59.405 DEBUG - [HID MSG] LAYER_ALFA
16:21:59.406 INFO - Capa detectada: ALFA - Mostrando indicadores
16:21:59.838 DEBUG - [HID MSG] LAYER_NUMB
16:21:59.841 INFO - Capa detectada: NUMB - Mostrando indicadores
16:22:00.229 DEBUG - [HID MSG] LAYER_ALFA
16:22:00.231 INFO - Capa detectada: ALFA - Mostrando indicadores
16:22:00.407 DEBUG - [HID MSG] LAYER_BASE
16:22:00.408 INFO - Capa BASE o no reconocida - Ocultando indicadores
16:22:05.766 DEBUG - [HID MSG] LAYER_ALFA
16:22:05.768 INFO - Capa detectada: ALFA - Mostrando indicadores
16:22:06.260 DEBUG - [HID MSG] LAYER_BASE
16:22:06.262 INFO - Capa BASE o no reconocida - Ocultando indicadores
16:22:06.368 DEBUG - [HID MSG] LAYER_ALFA
16:22:06.369 INFO - Capa detectada: ALFA - Mostrando indicadores
16:22:06.672 DEBUG - [HID MSG] LAYER_NUMB
16:22:06.674 INFO - Capa detectada: NUMB - Mostrando indicadores
16:22:06.773 DEBUG - [HID MSG] LAYER_ALFA
16:22:06.774 INFO - Capa detectada: ALFA - Mostrando indicadores
16:22:06.917 DEBUG - [HID MSG] LAYER_BASE
16:22:06.918 INFO - Capa BASE o no reconocida - Ocultando indicadores
16:22:08.143 DEBUG - [HID MSG] AT_ON LAYER_BASE
16:22:08.200 DEBUG - [HID MSG] AT_ON LAYER_BASE
16:22:08.715 DEBUG - [HID MSG] AT_ON LAYER_BASE
16:22:09.054 DEBUG - [HID MSG] AT_OFF LAYER_BASE
16:22:12.716 INFO - ==========================================
16:22:12.716 INFO - SISTEMA REINICIADO CON DPI AWARENESS
16:22:12.716 INFO - ARCHIVO DE LOGS: D:\scripts\status script\f22_debug.log
16:22:12.716 INFO - ==========================================
16:22:38.032 DEBUG - [SALTO LIBRE POR ZONA] Y:80->1197 | Origen en zona de borde (80px)
16:22:38.739 DEBUG - [SALTO LIBRE POR ZONA] Y:1199->5 | Origen en zona de borde (1px)
16:22:44.137 DEBUG - [SALTO LIBRE POR ZONA] X:1831->5 | Origen en zona de borde (89px)
16:22:56.942 DEBUG - [SALTO LIBRE POR ZONA] Y:78->1195 | Origen en zona de borde (78px)
16:22:57.659 DEBUG - [SALTO LIBRE POR ZONA] Y:1199->5 | Origen en zona de borde (1px)
16:23:06.170 DEBUG - [SALTO LIBRE POR ZONA] X:1861->5 | Origen en zona de borde (59px)
16:23:06.881 DEBUG - [SALTO LIBRE POR ZONA] X:0->1915 | Origen en zona de borde (0px)
16:23:11.932 DEBUG - [SALTO LIBRE POR ZONA] X:120->1915 | Origen en zona de borde (120px)
16:23:22.467 DEBUG - [SALTO LIBRE POR ZONA] X:1854->5 | Origen en zona de borde (66px)
16:23:23.180 DEBUG - [SALTO LIBRE POR ZONA] X:0->1908 | Origen en zona de borde (0px)
16:23:24.601 DEBUG - [SALTO LIBRE POR ZONA] X:1838->5 | Origen en zona de borde (82px)
16:23:25.931 DEBUG - [SALTO LIBRE POR ZONA] X:0->1915 | Origen en zona de borde (0px)
16:23:31.817 DEBUG - [SALTO LIBRE POR ZONA] X:48.120000000000104->1875 | Origen en zona de borde (48.120000000000104px)
16:23:33.697 DEBUG - [SALTO LIBRE POR ZONA] X:1893->5 | Origen en zona de borde (27px)
16:23:34.172 DEBUG - [HID MSG] AT_ON LAYER_BASE
16:23:34.248 DEBUG - [HID MSG] AT_ON LAYER_BASE
16:23:34.401 DEBUG - [SALTO LIBRE POR ZONA] X:0->1915 | Origen en zona de borde (0px)
16:23:34.932 DEBUG - [HID MSG] AT_ON LAYER_BASE
16:23:35.383 DEBUG - [HID MSG] AT_OFF LAYER_BASE
16:23:35.793 DEBUG - [SALTO LIBRE POR ZONA] X:1919->5 | Origen en zona de borde (1px)
16:25:01.975 DEBUG - [SALTO LIBRE POR ZONA] Y:1115->5 | Origen en zona de borde (85px)
16:25:05.554 DEBUG - [SALTO LIBRE POR ZONA] Y:87->1195 | Origen en zona de borde (87px)
16:25:08.101 DEBUG - [SALTO LIBRE POR ZONA] Y:63->1195 | Origen en zona de borde (63px)
16:25:30.024 INFO - ==========================================
16:25:30.024 INFO - SISTEMA REINICIADO CON DPI AWARENESS
16:25:30.024 INFO - ARCHIVO DE LOGS: D:\scripts\status script\f22_debug.log
16:25:30.024 INFO - ==========================================
16:25:35.365 DEBUG - [SALTO LIBRE POR ZONA] X:85->1915 | Origen en zona de borde (85px)
16:25:37.726 DEBUG - [SALTO LIBRE POR ZONA] X:1826->5 | Origen en zona de borde (94px)
16:25:39.736 DEBUG - [SALTO LIBRE POR ZONA] Y:75->1195 | Origen en zona de borde (75px)
16:25:41.950 DEBUG - [SALTO LIBRE POR ZONA] Y:77->1195 | Origen en zona de borde (77px)
16:25:43.479 DEBUG - [HID MSG] AT_ON LAYER_BASE
16:25:57.033 DEBUG - [SALTO LIBRE POR ZONA] X:1905->5 | Origen en zona de borde (15px)
16:25:58.207 DEBUG - [SALTO LIBRE POR ZONA] X:7->1915 | Origen en zona de borde (7px)
16:25:59.073 DEBUG - [SALTO LIBRE POR ZONA] X:1919->12 | Origen en zona de borde (1px)
16:26:02.372 DEBUG - [SALTO LIBRE POR ZONA] X:0->1915 | Origen en zona de borde (0px)
16:26:03.725 DEBUG - [SALTO LIBRE POR ZONA] X:1909->5 | Origen en zona de borde (11px)
16:26:04.547 DEBUG - [SALTO LIBRE POR ZONA] X:0->1900 | Origen en zona de borde (0px)
16:26:05.633 DEBUG - [SALTO LIBRE POR ZONA] X:1869->5 | Origen en zona de borde (51px)
16:26:28.935 DEBUG - [HID MSG] AT_OFF LAYER_BASE
16:26:32.738 DEBUG - [HID MSG] AT_ON LAYER_BASE
16:26:33.663 DEBUG - [HID MSG] AT_ON LAYER_BASE
16:26:33.717 DEBUG - [HID MSG] AT_ON LAYER_BASE
16:26:34.237 DEBUG - [HID MSG] AT_ON LAYER_BASE
16:26:34.974 DEBUG - [HID MSG] AT_OFF LAYER_BASE
16:26:36.456 INFO - ==========================================
16:26:36.456 INFO - SISTEMA REINICIADO CON DPI AWARENESS
16:26:36.456 INFO - ARCHIVO DE LOGS: D:\scripts\status script\f22_debug.log
16:26:36.456 INFO - ==========================================
16:26:44.701 DEBUG - [SALTO LIBRE POR ZONA] X:1820->5 | Origen en zona de borde (100px)
16:26:45.402 DEBUG - [SALTO LIBRE POR ZONA] X:0->1915 | Origen en zona de borde (0px)
16:26:46.109 DEBUG - [SALTO LIBRE POR ZONA] X:1862->1 | Origen en zona de borde (58px)
16:26:46.815 DEBUG - [SALTO LIBRE POR ZONA] X:0->1915 | Origen en zona de borde (0px)
16:26:47.524 DEBUG - [SALTO LIBRE POR ZONA] X:1919->5 | Origen en zona de borde (1px)
16:27:05.711 DEBUG - [SALTO LIBRE POR ZONA] Y:90->1195 | Origen en zona de borde (90px)
16:27:07.772 DEBUG - [SALTO LIBRE POR ZONA] Y:94->1195 | Origen en zona de borde (94px)
16:27:09.647 DEBUG - [SALTO LIBRE POR ZONA] Y:92->1195 | Origen en zona de borde (92px)
16:27:14.373 DEBUG - [SALTO LIBRE POR ZONA] Y:79->1195 | Origen en zona de borde (79px)
16:27:15.183 DEBUG - [SALTO LIBRE POR ZONA] Y:1199->20 | Origen en zona de borde (1px)
16:27:17.244 DEBUG - [SALTO LIBRE POR ZONA] Y:86->1195 | Origen en zona de borde (86px)
16:27:17.952 DEBUG - [SALTO LIBRE POR ZONA] Y:1199->32 | Origen en zona de borde (1px)
16:27:18.276 DEBUG - [HID MSG] AT_ON LAYER_BASE
16:27:18.366 DEBUG - [HID MSG] AT_ON LAYER_BASE
16:27:18.909 DEBUG - [HID MSG] AT_ON LAYER_BASE
16:27:19.161 DEBUG - [HID MSG] AT_OFF LAYER_BASE
16:28:29.236 INFO - ==========================================
16:28:29.236 INFO - SISTEMA REINICIADO CON DPI AWARENESS
16:28:29.236 INFO - ARCHIVO DE LOGS: D:\scripts\status script\f22_debug.log
16:28:29.236 INFO - ==========================================
16:28:39.651 DEBUG - [SALTO LIBRE POR ZONA] X:96->1915 | Origen en zona de borde (96px)
16:28:41.630 DEBUG - [SALTO LIBRE POR ZONA] X:99->1915 | Origen en zona de borde (99px)
16:28:42.338 DEBUG - [SALTO LIBRE POR ZONA] X:1919->5 | Origen en zona de borde (1px)
16:28:44.715 DEBUG - [SALTO LIBRE POR ZONA] X:1821->5 | Origen en zona de borde (99px)
16:28:54.484 DEBUG - [SALTO LIBRE POR ZONA] X:1811.3800000000003->45 | Origen en zona de borde (108.61999999999966px)
16:28:56.533 DEBUG - [SALTO LIBRE POR ZONA] Y:69->1195 | Origen en zona de borde (69px)
16:28:57.326 DEBUG - [SALTO LIBRE POR ZONA] Y:1199->5 | Origen en zona de borde (1px)
16:29:06.766 DEBUG - [SALTO LIBRE POR ZONA] Y:1122->5 | Origen en zona de borde (78px)
16:29:24.789 DEBUG - [SALTO LIBRE POR ZONA] Y:99->1195 | Origen en zona de borde (99px)
16:29:26.924 DEBUG - [SALTO LIBRE POR ZONA] Y:1199->5 | Origen en zona de borde (1px)
16:30:20.775 DEBUG - [SALTO LIBRE POR ZONA] Y:1102->5 | Origen en zona de borde (98px)
16:30:21.483 DEBUG - [SALTO LIBRE POR ZONA] Y:0->1195 | Origen en zona de borde (0px)
16:30:22.190 DEBUG - [SALTO LIBRE POR ZONA] Y:1199->5 | Origen en zona de borde (1px)
16:30:54.460 DEBUG - [SALTO LIBRE POR ZONA] Y:71->1195 | Origen en zona de borde (71px)
16:30:55.219 DEBUG - [SALTO LIBRE POR ZONA] Y:1199->27 | Origen en zona de borde (1px)
16:31:09.884 INFO - ==========================================
16:31:09.885 INFO - SISTEMA REINICIADO CON DPI AWARENESS
16:31:09.885 INFO - ARCHIVO DE LOGS: D:\scripts\status script\f22_debug.log
16:31:09.885 INFO - ==========================================
16:31:39.455 DEBUG - [SALTO LIBRE POR ZONA] X:66.0->1855 | Origen en zona de borde (66.0px)
16:32:30.275 DEBUG - [SALTO LIBRE POR ZONA] X:1894.0->45 | Origen en zona de borde (26.0px)
16:33:43.854 DEBUG - [SALTO LIBRE POR ZONA] X:1796.5->65 | Origen en zona de borde (123.5px)
16:34:11.239 INFO - ==========================================
16:34:11.239 INFO - SISTEMA REINICIADO CON DPI AWARENESS
16:34:11.240 INFO - ARCHIVO DE LOGS: D:\scripts\status script\f22_debug.log
16:34:11.240 INFO - ==========================================
16:34:13.725 DEBUG - [HID MSG] AT_ON LAYER_BASE
16:34:13.778 DEBUG - [HID MSG] AT_ON LAYER_BASE
16:34:14.652 DEBUG - [HID MSG] AT_OFF LAYER_BASE
16:34:19.126 DEBUG - [SALTO LIBRE POR ZONA] X:1915->5 | Origen en zona de borde (5px)
16:34:19.833 DEBUG - [SALTO LIBRE POR ZONA] X:0->1915 | Origen en zona de borde (0px)
16:34:20.540 DEBUG - [SALTO LIBRE POR ZONA] X:1919->25 | Origen en zona de borde (1px)
16:34:29.767 DEBUG - [SALTO LIBRE POR ZONA] X:1824->5 | Origen en zona de borde (96px)
16:34:33.543 DEBUG - [SALTO LIBRE POR ZONA] X:9->1915 | Origen en zona de borde (9px)
16:34:36.957 DEBUG - [HID MSG] AT_ON LAYER_BASE
16:34:37.022 DEBUG - [HID MSG] AT_ON LAYER_BASE
16:34:37.544 DEBUG - [HID MSG] AT_ON LAYER_BASE
16:34:37.722 DEBUG - [HID MSG] AT_ON LAYER_BASE
16:34:37.987 DEBUG - [HID MSG] AT_OFF LAYER_BASE
16:34:55.878 DEBUG - [SALTO LIBRE POR ZONA] X:1919->5 | Origen en zona de borde (1px)
16:34:57.829 DEBUG - [SALTO LIBRE POR ZONA] X:5->1915 | Origen en zona de borde (5px)
16:35:09.385 DEBUG - [SALTO LIBRE POR ZONA] X:1860.1399999999999->45 | Origen en zona de borde (59.86000000000013px)
16:35:17.982 DEBUG - [SALTO LIBRE POR ZONA] Y:26->1195 | Origen en zona de borde (26px)
16:35:18.688 DEBUG - [SALTO LIBRE POR ZONA] Y:1199->5 | Origen en zona de borde (1px)
16:35:24.188 DEBUG - [SALTO LIBRE POR ZONA] X:1862->5 | Origen en zona de borde (58px)
16:35:24.954 DEBUG - [SALTO LIBRE POR ZONA] X:0->1915 | Origen en zona de borde (0px)
16:35:27.911 DEBUG - [SALTO LIBRE POR ZONA] X:1917->5 | Origen en zona de borde (3px)
16:35:29.437 DEBUG - [SALTO LIBRE POR ZONA] X:0->1915 | Origen en zona de borde (0px)
16:35:31.397 DEBUG - [SALTO LIBRE POR ZONA] Y:83->1195 | Origen en zona de borde (83px)
16:35:32.510 DEBUG - [SALTO LIBRE POR ZONA] Y:1199->5 | Origen en zona de borde (1px)
16:35:33.213 DEBUG - [SALTO LIBRE POR ZONA] Y:25->1195 | Origen en zona de borde (25px)
16:35:33.926 DEBUG - [SALTO LIBRE POR ZONA] Y:1199->5 | Origen en zona de borde (1px)
16:35:40.248 DEBUG - [SALTO LIBRE POR ZONA] Y:1093->5 | Origen en zona de borde (107px)
16:35:40.946 DEBUG - [SALTO LIBRE POR ZONA] Y:0->1195 | Origen en zona de borde (0px)
16:35:41.649 DEBUG - [SALTO LIBRE POR ZONA] Y:1199->5 | Origen en zona de borde (1px)
16:35:44.248 DEBUG - [SALTO LIBRE POR ZONA] Y:97->1195 | Origen en zona de borde (97px)
16:35:44.950 DEBUG - [SALTO LIBRE POR ZONA] Y:1199->5 | Origen en zona de borde (1px)
16:35:46.728 DEBUG - [HID MSG] LAYER_ALFA
16:35:46.728 INFO - Capa detectada: ALFA - Mostrando indicadores
16:35:47.108 DEBUG - [HID MSG] LAYER_BASE
16:35:47.110 INFO - Capa BASE o no reconocida - Ocultando indicadores
16:36:14.638 DEBUG - [SALTO LIBRE POR ZONA] X:1868.94->66 | Origen en zona de borde (51.059999999999945px)
16:36:16.868 DEBUG - [SALTO LIBRE POR ZONA] X:4->1915 | Origen en zona de borde (4px)
16:36:18.364 DEBUG - [SALTO LIBRE POR ZONA] X:1865->5 | Origen en zona de borde (55px)
16:36:19.081 DEBUG - [SALTO LIBRE POR ZONA] X:0->1915 | Origen en zona de borde (0px)
16:36:21.623 DEBUG - [SALTO LIBRE POR ZONA] X:1877->5 | Origen en zona de borde (43px)
16:36:22.327 DEBUG - [SALTO LIBRE POR ZONA] X:0->1915 | Origen en zona de borde (0px)
16:36:24.553 DEBUG - [SALTO LIBRE POR ZONA] X:1919->6 | Origen en zona de borde (1px)
16:36:25.966 DEBUG - [SALTO LIBRE POR ZONA] X:0->1913 | Origen en zona de borde (0px)
16:36:27.437 DEBUG - [SALTO LIBRE POR ZONA] X:1919->8 | Origen en zona de borde (1px)
16:36:31.196 DEBUG - [SALTO LIBRE POR ZONA] X:1919->8 | Origen en zona de borde (1px)
16:36:32.478 DEBUG - [SALTO LIBRE POR ZONA] X:30.679999999999993->1915 | Origen en zona de borde (30.679999999999993px)
16:36:40.491 DEBUG - [SALTO LIBRE POR ZONA] X:1891->5 | Origen en zona de borde (29px)
16:36:41.198 DEBUG - [SALTO LIBRE POR ZONA] X:0->1913 | Origen en zona de borde (0px)
16:36:48.961 DEBUG - [SALTO LIBRE POR ZONA] Y:91->1195 | Origen en zona de borde (91px)
16:36:49.660 DEBUG - [SALTO LIBRE POR ZONA] Y:1199->5 | Origen en zona de borde (1px)
16:37:05.548 DEBUG - [SALTO LIBRE POR ZONA] X:1892->5 | Origen en zona de borde (28px)
16:37:06.486 DEBUG - [SALTO LIBRE POR ZONA] X:0->1915 | Origen en zona de borde (0px)
16:37:09.608 DEBUG - [HID MSG] AT_ON LAYER_BASE
16:37:09.692 DEBUG - [HID MSG] AT_ON LAYER_BASE
16:37:10.845 DEBUG - [HID MSG] AT_OFF LAYER_BASE
16:38:24.151 INFO - ==========================================
16:38:24.152 INFO - SISTEMA REINICIADO CON DPI AWARENESS
16:38:24.152 INFO - ARCHIVO DE LOGS: D:\scripts\status script\f22_debug.log
16:38:24.152 INFO - ==========================================
16:38:28.712 DEBUG - [SALTO LIBRE POR ZONA] X:1919->5 | Origen en zona de borde (1px)
16:38:30.663 DEBUG - [SALTO LIBRE POR ZONA] X:1919->5 | Origen en zona de borde (1px)
16:38:31.373 DEBUG - [SALTO LIBRE POR ZONA] X:0->1915 | Origen en zona de borde (0px)
16:38:33.258 DEBUG - [SALTO LIBRE POR ZONA] X:1919->5 | Origen en zona de borde (1px)
16:38:33.964 DEBUG - [SALTO LIBRE POR ZONA] X:0->1875 | Origen en zona de borde (0px)
16:38:35.834 DEBUG - [SALTO LIBRE POR ZONA] X:1919->5 | Origen en zona de borde (1px)
16:38:37.792 DEBUG - [HID MSG] AT_ON LAYER_BASE
16:38:37.884 DEBUG - [HID MSG] AT_ON LAYER_BASE
16:38:38.959 DEBUG - [HID MSG] AT_ON LAYER_BASE
16:38:39.216 DEBUG - [HID MSG] AT_OFF LAYER_BASE
16:38:41.227 DEBUG - [SALTO LIBRE POR ZONA] X:1919->5 | Origen en zona de borde (1px)
16:38:42.647 DEBUG - [SALTO LIBRE POR ZONA] X:1919->66 | Origen en zona de borde (1px)
16:38:44.417 DEBUG - [SALTO LIBRE POR ZONA] X:1919->5 | Origen en zona de borde (1px)
16:38:45.120 DEBUG - [SALTO LIBRE POR ZONA] X:0->1915 | Origen en zona de borde (0px)
16:38:46.313 DEBUG - [SALTO LIBRE POR ZONA] Y:0->1175 | Origen en zona de borde (0px)
16:38:47.962 DEBUG - [SALTO LIBRE POR ZONA] Y:1199->5 | Origen en zona de borde (1px)
16:38:49.254 DEBUG - [SALTO LIBRE POR ZONA] Y:0->1195 | Origen en zona de borde (0px)
16:38:51.931 DEBUG - [SALTO LIBRE POR ZONA] X:1919->5 | Origen en zona de borde (1px)
16:38:53.297 DEBUG - [SALTO LIBRE POR ZONA] X:1919->5 | Origen en zona de borde (1px)
16:38:54.858 DEBUG - [SALTO LIBRE POR ZONA] X:1919->5 | Origen en zona de borde (1px)
16:38:55.570 DEBUG - [SALTO LIBRE POR ZONA] X:0->1912 | Origen en zona de borde (0px)
16:38:57.387 DEBUG - [SALTO LIBRE POR ZONA] X:1919->5 | Origen en zona de borde (1px)
16:39:10.380 DEBUG - [SALTO LIBRE POR ZONA] X:1919->45 | Origen en zona de borde (1px)
16:39:11.079 DEBUG - [SALTO LIBRE POR ZONA] X:1919->5 | Origen en zona de borde (1px)
16:39:11.895 DEBUG - [SALTO LIBRE POR ZONA] X:1919->65 | Origen en zona de borde (1px)
16:39:12.604 DEBUG - [SALTO LIBRE POR ZONA] X:1919->65 | Origen en zona de borde (1px)
16:39:13.312 DEBUG - [SALTO LIBRE POR ZONA] X:1862->0 | Origen en zona de borde (58px)
16:39:14.017 DEBUG - [SALTO LIBRE POR ZONA] X:104->1919 | Origen en zona de borde (104px)
16:39:16.495 DEBUG - [SALTO LIBRE POR ZONA] X:1919->5 | Origen en zona de borde (1px)
16:39:18.722 DEBUG - [SALTO LIBRE POR ZONA] X:1919->5 | Origen en zona de borde (1px)
16:39:20.144 DEBUG - [SALTO LIBRE POR ZONA] X:0->1915 | Origen en zona de borde (0px)
16:39:21.413 DEBUG - [SALTO LIBRE POR ZONA] X:1919->55 | Origen en zona de borde (1px)
16:39:22.823 DEBUG - [SALTO LIBRE POR ZONA] X:0->1915 | Origen en zona de borde (0px)
16:39:24.491 DEBUG - [SALTO LIBRE POR ZONA] Y:1199->5 | Origen en zona de borde (1px)
16:39:25.603 DEBUG - [HID MSG] AT_ON LAYER_BASE
16:39:25.735 DEBUG - [HID MSG] AT_ON LAYER_BASE
16:39:26.654 DEBUG - [HID MSG] AT_ON LAYER_BASE
16:39:26.977 DEBUG - [HID MSG] AT_OFF LAYER_BASE
16:39:36.631 DEBUG - [SALTO LIBRE POR ZONA] X:0->1875 | Origen en zona de borde (0px)
16:39:38.433 DEBUG - [SALTO LIBRE POR ZONA] X:0->1895 | Origen en zona de borde (0px)
16:39:39.849 DEBUG - [SALTO LIBRE POR ZONA] X:0->1875 | Origen en zona de borde (0px)
16:39:40.557 DEBUG - [SALTO LIBRE POR ZONA] X:0->1895 | Origen en zona de borde (0px)
16:39:41.263 DEBUG - [SALTO LIBRE POR ZONA] X:0->1875 | Origen en zona de borde (0px)
16:39:42.803 DEBUG - [SALTO LIBRE POR ZONA] X:0->1915 | Origen en zona de borde (0px)
16:39:43.507 DEBUG - [SALTO LIBRE POR ZONA] X:1919->5 | Origen en zona de borde (1px)
16:39:45.054 DEBUG - [SALTO LIBRE POR ZONA] X:1919->45 | Origen en zona de borde (1px)
16:39:46.109 DEBUG - [SALTO LIBRE POR ZONA] X:0->1855 | Origen en zona de borde (0px)
16:40:04.987 DEBUG - [HID MSG] LAYER_ALFA
16:40:04.990 INFO - Capa detectada: ALFA - Mostrando indicadores
16:40:07.567 DEBUG - [HID MSG] LAYER_BASE
16:40:07.567 INFO - Capa BASE o no reconocida - Ocultando indicadores
16:40:07.816 DEBUG - [HID MSG] LAYER_ALFA
16:40:07.816 INFO - Capa detectada: ALFA - Mostrando indicadores
16:40:09.044 DEBUG - [HID MSG] LAYER_BASE
16:40:09.045 INFO - Capa BASE o no reconocida - Ocultando indicadores
16:40:09.295 DEBUG - [HID MSG] LAYER_ALFA
16:40:09.295 INFO - Capa detectada: ALFA - Mostrando indicadores
16:40:11.360 DEBUG - [HID MSG] LAYER_BASE
16:40:11.360 INFO - Capa BASE o no reconocida - Ocultando indicadores
16:40:43.994 INFO - ==========================================
16:40:43.994 INFO - SISTEMA REINICIADO CON DPI AWARENESS
16:40:43.994 INFO - ARCHIVO DE LOGS: D:\scripts\status script\f22_debug.log
16:40:43.994 INFO - ==========================================
16:41:49.229 INFO - ==========================================
16:41:49.230 INFO - SISTEMA REINICIADO CON DPI AWARENESS
16:41:49.230 INFO - ARCHIVO DE LOGS: D:\scripts\status script\f22_debug.log
16:41:49.230 INFO - ==========================================
16:41:51.160 DEBUG - [SALTO LIBRE POR ZONA] X:0->1915 | Origen en zona de borde (0px)
16:41:51.902 DEBUG - [SALTO LIBRE POR ZONA] X:1919->5 | Origen en zona de borde (1px)
16:41:52.612 DEBUG - [SALTO LIBRE POR ZONA] X:0->1914 | Origen en zona de borde (0px)
16:41:53.925 DEBUG - [SALTO LIBRE POR ZONA] X:1919->5 | Origen en zona de borde (1px)
16:41:55.911 DEBUG - [SALTO LIBRE POR ZONA] X:1919->5 | Origen en zona de borde (1px)
16:41:56.616 DEBUG - [SALTO LIBRE POR ZONA] X:0->1915 | Origen en zona de borde (0px)
16:41:58.851 DEBUG - [SALTO LIBRE POR ZONA] X:1919->85 | Origen en zona de borde (1px)
16:42:00.831 DEBUG - [SALTO LIBRE POR ZONA] X:0->1854 | Origen en zona de borde (0px)
16:42:02.781 DEBUG - [SALTO LIBRE POR ZONA] X:1919->25 | Origen en zona de borde (1px)
16:42:03.647 DEBUG - [SALTO LIBRE POR ZONA] X:0->1855 | Origen en zona de borde (0px)
16:42:05.720 DEBUG - [SALTO LIBRE POR ZONA] X:1919->5 | Origen en zona de borde (1px)
16:42:06.977 DEBUG - [SALTO LIBRE POR ZONA] X:0->1895 | Origen en zona de borde (0px)
16:42:08.711 DEBUG - [SALTO LIBRE POR ZONA] X:1919->45 | Origen en zona de borde (1px)
16:42:11.618 DEBUG - [SALTO LIBRE POR ZONA] X:1919->45 | Origen en zona de borde (1px)
16:42:13.801 DEBUG - [SALTO LIBRE POR ZONA] X:1919->65 | Origen en zona de borde (1px)
16:42:14.509 DEBUG - [SALTO LIBRE POR ZONA] X:0->1911 | Origen en zona de borde (0px)
16:42:15.720 DEBUG - [SALTO LIBRE POR ZONA] X:1919->5 | Origen en zona de borde (1px)
16:42:16.426 DEBUG - [SALTO LIBRE POR ZONA] X:0->1915 | Origen en zona de borde (0px)
16:42:19.323 DEBUG - [SALTO LIBRE POR ZONA] X:1919->5 | Origen en zona de borde (1px)
16:42:20.030 DEBUG - [SALTO LIBRE POR ZONA] X:0->1915 | Origen en zona de borde (0px)
16:42:21.537 DEBUG - [SALTO LIBRE POR ZONA] X:1919->66 | Origen en zona de borde (1px)
16:42:25.088 DEBUG - [SALTO LIBRE POR ZONA] X:1919->5 | Origen en zona de borde (1px)
16:42:26.869 DEBUG - [SALTO LIBRE POR ZONA] X:0->1875 | Origen en zona de borde (0px)
16:42:28.492 DEBUG - [SALTO LIBRE POR ZONA] X:1919->65 | Origen en zona de borde (1px)
16:42:29.544 DEBUG - [SALTO LIBRE POR ZONA] X:0->1915 | Origen en zona de borde (0px)
16:42:30.594 DEBUG - [SALTO LIBRE POR ZONA] X:1919->25 | Origen en zona de borde (1px)
16:42:31.299 DEBUG - [SALTO LIBRE POR ZONA] X:0->1915 | Origen en zona de borde (0px)
16:42:32.995 DEBUG - [SALTO LIBRE POR ZONA] Y:0->1195 | Origen en zona de borde (0px)
16:42:34.376 DEBUG - [SALTO LIBRE POR ZONA] Y:1199->5 | Origen en zona de borde (1px)
16:42:36.850 DEBUG - [SALTO LIBRE POR ZONA] X:1919->26 | Origen en zona de borde (1px)
16:42:38.879 DEBUG - [SALTO LIBRE POR ZONA] X:1919->45 | Origen en zona de borde (1px)
16:42:39.588 DEBUG - [SALTO LIBRE POR ZONA] X:1919->65 | Origen en zona de borde (1px)
16:42:40.285 DEBUG - [SALTO LIBRE POR ZONA] X:1919->5 | Origen en zona de borde (1px)
16:42:40.992 DEBUG - [SALTO LIBRE POR ZONA] X:1919->25 | Origen en zona de borde (1px)
16:42:43.406 DEBUG - [SALTO LIBRE POR ZONA] X:1919->45 | Origen en zona de borde (1px)
16:42:51.731 DEBUG - [HID MSG] AT_ON LAYER_BASE
16:43:58.728 INFO - ==========================================
16:43:58.728 INFO - SISTEMA REINICIADO CON DPI AWARENESS
16:43:58.728 INFO - ARCHIVO DE LOGS: D:\scripts\status script\f22_debug.log
16:43:58.728 INFO - ==========================================
16:44:12.115 DEBUG - [HID MSG] AT_ON LAYER_BASE
16:44:16.905 DEBUG - [HID MSG] AT_OFF LAYER_BASE
16:44:31.617 INFO - ==========================================
16:44:31.617 INFO - SISTEMA REINICIADO CON DPI AWARENESS
16:44:31.618 INFO - ARCHIVO DE LOGS: D:\scripts\status script\f22_debug.log
16:44:31.618 INFO - ==========================================
16:44:33.650 DEBUG - [SALTO LIBRE] X:0->1915 | Origen cercano al borde
16:44:34.347 DEBUG - [SALTO LIBRE] X:1919->5 | Origen cercano al borde
16:44:35.054 DEBUG - [SALTO LIBRE] X:0->1900 | Origen cercano al borde
16:44:36.438 DEBUG - [SALTO LIBRE] X:1919->5 | Origen cercano al borde
16:44:37.146 DEBUG - [SALTO LIBRE] X:110->1919 | Origen cercano al borde
16:44:37.852 DEBUG - [SALTO LIBRE] X:1919->45 | Origen cercano al borde
16:44:39.589 DEBUG - [SALTO LIBRE] X:1919->45 | Origen cercano al borde
16:44:41.699 DEBUG - [SALTO LIBRE] X:1919->45 | Origen cercano al borde
16:44:42.489 DEBUG - [SALTO LIBRE] X:0->1888 | Origen cercano al borde
16:44:43.195 DEBUG - [SALTO LIBRE] X:0->1915 | Origen cercano al borde
16:44:43.902 DEBUG - [SALTO LIBRE] X:1893->4 | Origen cercano al borde
16:44:44.611 DEBUG - [SALTO LIBRE] X:0->1915 | Origen cercano al borde
16:44:45.316 DEBUG - [SALTO LIBRE] X:1919->19 | Origen cercano al borde
16:44:47.789 DEBUG - [SALTO LIBRE] X:0->1915 | Origen cercano al borde
16:44:48.496 DEBUG - [SALTO LIBRE] X:1894->3 | Origen cercano al borde
16:44:49.206 DEBUG - [SALTO LIBRE] X:0->1915 | Origen cercano al borde
16:44:49.911 DEBUG - [SALTO LIBRE] X:1903->3 | Origen cercano al borde
16:44:50.619 DEBUG - [SALTO LIBRE] X:0->1915 | Origen cercano al borde
16:44:51.326 DEBUG - [SALTO LIBRE] X:1919->5 | Origen cercano al borde
16:44:52.031 DEBUG - [SALTO LIBRE] X:0->1915 | Origen cercano al borde
16:44:52.735 DEBUG - [SALTO LIBRE] X:1919->5 | Origen cercano al borde
16:44:53.443 DEBUG - [SALTO LIBRE] X:0->1915 | Origen cercano al borde
16:44:54.149 DEBUG - [SALTO LIBRE] X:1919->5 | Origen cercano al borde
16:44:54.861 DEBUG - [SALTO LIBRE] X:2->1917 | Origen cercano al borde
16:44:55.404 DEBUG - [HID MSG] AT_ON LAYER_BASE
16:44:55.485 DEBUG - [HID MSG] AT_ON LAYER_BASE
16:44:55.568 DEBUG - [SALTO LIBRE] X:1919->5 | Origen cercano al borde
16:44:56.274 DEBUG - [SALTO LIBRE] X:0->1915 | Origen cercano al borde
16:44:56.474 DEBUG - [HID MSG] AT_ON LAYER_BASE
16:44:56.768 DEBUG - [HID MSG] AT_OFF LAYER_BASE
16:44:56.981 DEBUG - [SALTO LIBRE] X:1919->5 | Origen cercano al borde
16:44:58.512 DEBUG - [SALTO LIBRE] X:0->1915 | Origen cercano al borde
16:44:59.209 DEBUG - [SALTO LIBRE] X:1912->3 | Origen cercano al borde
16:44:59.919 DEBUG - [SALTO LIBRE] X:0->1915 | Origen cercano al borde
16:45:00.629 DEBUG - [SALTO LIBRE] X:1919->5 | Origen cercano al borde
16:45:04.899 DEBUG - [SALTO LIBRE] X:0->1915 | Origen cercano al borde
16:45:05.606 DEBUG - [SALTO LIBRE] X:1854->2 | Origen cercano al borde
16:45:06.321 DEBUG - [SALTO LIBRE] X:0->1915 | Origen cercano al borde
16:45:07.026 DEBUG - [SALTO LIBRE] X:1919->5 | Origen cercano al borde
16:45:07.731 DEBUG - [SALTO LIBRE] X:97->1919 | Origen cercano al borde
16:45:08.436 DEBUG - [SALTO LIBRE] X:1919->5 | Origen cercano al borde
16:45:09.138 DEBUG - [SALTO LIBRE] X:17->1919 | Origen cercano al borde
16:45:09.836 DEBUG - [SALTO LIBRE] X:1919->5 | Origen cercano al borde
16:45:14.083 DEBUG - [SALTO LIBRE] X:1919->5 | Origen cercano al borde
16:45:14.795 DEBUG - [SALTO LIBRE] X:0->1875 | Origen cercano al borde
16:45:15.784 DEBUG - [HID MSG] AT_ON LAYER_BASE
16:45:15.872 DEBUG - [HID MSG] AT_ON LAYER_BASE
16:45:16.668 DEBUG - [HID MSG] AT_ON LAYER_BASE
16:45:17.002 DEBUG - [HID MSG] AT_OFF LAYER_BASE
16:46:11.802 DEBUG - [HID MSG] AT_ON LAYER_BASE
16:46:11.859 DEBUG - [HID MSG] AT_ON LAYER_BASE
16:46:12.475 DEBUG - [HID MSG] AT_ON LAYER_BASE
16:46:12.633 DEBUG - [HID MSG] AT_ON LAYER_BASE
16:46:13.066 DEBUG - [HID MSG] AT_OFF LAYER_BASE
16:46:14.442 INFO - ==========================================
16:46:14.442 INFO - SISTEMA REINICIADO CON DPI AWARENESS
16:46:14.442 INFO - ARCHIVO DE LOGS: D:\scripts\status script\f22_debug.log
16:46:14.442 INFO - ==========================================
16:46:17.845 DEBUG - [SALTO LIBRE POR ZONA] X:1919->5 | Origen en zona de borde (1px)
16:46:20.127 DEBUG - [SALTO LIBRE POR ZONA] Y:84->1195 | Origen en zona de borde (84px)
16:46:20.838 DEBUG - [SALTO LIBRE POR ZONA] Y:1199->5 | Origen en zona de borde (1px)
16:46:23.133 DEBUG - [SALTO LIBRE POR ZONA] X:1817->5 | Origen en zona de borde (103px)
16:46:23.834 DEBUG - [SALTO LIBRE POR ZONA] X:0->1915 | Origen en zona de borde (0px)
16:46:25.879 DEBUG - [SALTO LIBRE POR ZONA] X:1919->5 | Origen en zona de borde (1px)
16:46:28.740 DEBUG - [SALTO LIBRE POR ZONA] X:1904->5 | Origen en zona de borde (16px)
16:46:29.446 DEBUG - [SALTO LIBRE POR ZONA] X:0->1915 | Origen en zona de borde (0px)
16:46:31.674 DEBUG - [SALTO LIBRE POR ZONA] X:1881->5 | Origen en zona de borde (39px)
16:46:34.667 DEBUG - [SALTO LIBRE POR ZONA] Y:0->1195 | Origen en zona de borde (0px)
16:46:37.543 DEBUG - [SALTO LIBRE POR ZONA] Y:0->1155 | Origen en zona de borde (0px)
16:46:39.249 DEBUG - [SALTO LIBRE POR ZONA] Y:1182->5 | Origen en zona de borde (18px)
16:46:40.833 DEBUG - [SALTO LIBRE POR ZONA] Y:75->1195 | Origen en zona de borde (75px)
16:46:41.731 DEBUG - [SALTO LIBRE POR ZONA] Y:1199->5 | Origen en zona de borde (1px)
16:46:42.437 DEBUG - [SALTO LIBRE POR ZONA] Y:0->1195 | Origen en zona de borde (0px)
16:46:44.744 DEBUG - [SALTO LIBRE POR ZONA] Y:0->1195 | Origen en zona de borde (0px)
16:46:46.061 DEBUG - [SALTO LIBRE POR ZONA] Y:1199->45 | Origen en zona de borde (1px)
16:46:47.654 DEBUG - [SALTO LIBRE POR ZONA] Y:8->1195 | Origen en zona de borde (8px)
16:46:48.506 DEBUG - [SALTO LIBRE POR ZONA] Y:1199->5 | Origen en zona de borde (1px)
16:46:49.920 DEBUG - [SALTO LIBRE POR ZONA] Y:37.23200000000004->1175 | Origen en zona de borde (37.23200000000004px)
16:46:50.741 DEBUG - [SALTO LIBRE POR ZONA] Y:1199->5 | Origen en zona de borde (1px)
16:47:00.542 DEBUG - [SALTO LIBRE POR ZONA] X:1864->5 | Origen en zona de borde (56px)
16:47:04.634 DEBUG - [SALTO LIBRE POR ZONA] X:1919->45 | Origen en zona de borde (1px)
16:47:06.539 DEBUG - [SALTO LIBRE POR ZONA] X:0->1895 | Origen en zona de borde (0px)
16:47:08.142 DEBUG - [SALTO LIBRE POR ZONA] X:1919->5 | Origen en zona de borde (1px)
16:47:11.239 DEBUG - [SALTO LIBRE POR ZONA] X:0->1881 | Origen en zona de borde (0px)
16:47:13.355 DEBUG - [SALTO LIBRE POR ZONA] X:1919->72 | Origen en zona de borde (1px)
16:47:16.797 DEBUG - [SALTO LIBRE POR ZONA] Y:0->1155 | Origen en zona de borde (0px)
16:47:19.060 DEBUG - [SALTO LIBRE POR ZONA] Y:0->1195 | Origen en zona de borde (0px)
16:47:20.583 DEBUG - [SALTO LIBRE POR ZONA] Y:1199->5 | Origen en zona de borde (1px)
16:47:21.501 DEBUG - [SALTO LIBRE POR ZONA] Y:0->1195 | Origen en zona de borde (0px)
16:47:23.627 DEBUG - [SALTO LIBRE POR ZONA] Y:1199->55 | Origen en zona de borde (1px)
16:47:24.500 DEBUG - [SALTO LIBRE POR ZONA] Y:0->1155 | Origen en zona de borde (0px)
16:47:25.417 DEBUG - [SALTO LIBRE POR ZONA] Y:1199->38 | Origen en zona de borde (1px)
16:47:26.863 DEBUG - [SALTO LIBRE POR ZONA] X:1895->5 | Origen en zona de borde (25px)
16:47:28.069 DEBUG - [SALTO LIBRE POR ZONA] X:0->1893 | Origen en zona de borde (0px)
16:47:29.148 DEBUG - [SALTO LIBRE POR ZONA] X:1887->5 | Origen en zona de borde (33px)
16:47:33.621 DEBUG - [SALTO LIBRE POR ZONA] X:1819->5 | Origen en zona de borde (101px)
16:47:34.327 DEBUG - [SALTO LIBRE POR ZONA] X:0->1895 | Origen en zona de borde (0px)
17:22:10.769 DEBUG - [SALTO LIBRE POR ZONA] X:1514->0 | Origen en zona de borde (406px)
17:22:11.299 DEBUG - [SALTO LIBRE POR ZONA] X:0->1514 | Origen en zona de borde (0px)
17:22:20.784 DEBUG - [SALTO LIBRE POR ZONA] X:1916->5 | Origen en zona de borde (4px)
17:22:21.489 DEBUG - [SALTO LIBRE POR ZONA] X:0->1915 | Origen en zona de borde (0px)
17:24:13.596 DEBUG - [SALTO LIBRE POR ZONA] X:1900->5 | Origen en zona de borde (20px)
17:24:14.288 DEBUG - [SALTO LIBRE POR ZONA] X:0->1915 | Origen en zona de borde (0px)
17:24:16.366 DEBUG - [SALTO LIBRE POR ZONA] X:1918->5 | Origen en zona de borde (2px)
17:24:17.065 DEBUG - [SALTO LIBRE POR ZONA] X:0->1915 | Origen en zona de borde (0px)
17:24:18.063 DEBUG - [SALTO LIBRE POR ZONA] X:1919->5 | Origen en zona de borde (1px)
17:24:24.045 DEBUG - [SALTO LIBRE POR ZONA] X:1894->5 | Origen en zona de borde (26px)
17:24:24.823 DEBUG - [SALTO LIBRE POR ZONA] X:0->1900 | Origen en zona de borde (0px)
17:24:26.333 DEBUG - [SALTO LIBRE POR ZONA] X:1919->5 | Origen en zona de borde (1px)
17:24:27.047 DEBUG - [SALTO LIBRE POR ZONA] X:0->1915 | Origen en zona de borde (0px)
17:24:28.119 DEBUG - [SALTO LIBRE POR ZONA] X:1913->5 | Origen en zona de borde (7px)
17:24:29.398 DEBUG - [SALTO LIBRE POR ZONA] X:0->1900 | Origen en zona de borde (0px)
17:24:34.682 DEBUG - [SALTO LIBRE POR ZONA] X:1919->5 | Origen en zona de borde (1px)
17:24:35.501 DEBUG - [SALTO LIBRE POR ZONA] X:0->1864 | Origen en zona de borde (0px)
17:24:42.646 DEBUG - [SALTO LIBRE POR ZONA] Y:72->1195 | Origen en zona de borde (72px)
17:24:43.529 DEBUG - [SALTO LIBRE POR ZONA] Y:1199->28 | Origen en zona de borde (1px)
17:24:54.908 DEBUG - [SALTO LIBRE POR ZONA] Y:70->1195 | Origen en zona de borde (70px)
17:24:55.604 DEBUG - [SALTO LIBRE POR ZONA] Y:1199->5 | Origen en zona de borde (1px)
17:24:56.319 DEBUG - [SALTO LIBRE POR ZONA] Y:0->1195 | Origen en zona de borde (0px)
17:24:58.058 DEBUG - [SALTO LIBRE POR ZONA] X:1839->5 | Origen en zona de borde (81px)
17:24:58.769 DEBUG - [SALTO LIBRE POR ZONA] X:0->1915 | Origen en zona de borde (0px)
17:25:04.889 DEBUG - [SALTO LIBRE POR ZONA] X:1793->5 | Origen en zona de borde (127px)
17:25:05.685 DEBUG - [SALTO LIBRE POR ZONA] X:0->1886 | Origen en zona de borde (0px)
17:26:28.659 INFO - ==========================================
17:26:28.659 INFO - SISTEMA REINICIADO CON DPI AWARENESS
17:26:28.660 INFO - ARCHIVO DE LOGS: D:\scripts\status script\f22_debug.log
17:26:28.660 INFO - ==========================================
17:26:29.696 DEBUG - [SALTO LIBRE POR ZONA] X:1919->65 | Origen en zona de borde (1px)
17:26:31.775 DEBUG - [SALTO LIBRE POR ZONA] X:1919->25 | Origen en zona de borde (1px)
17:26:32.836 DEBUG - [SALTO LIBRE POR ZONA] X:1919->5 | Origen en zona de borde (1px)
17:26:33.355 DEBUG - [SALTO LIBRE POR ZONA] X:0->1915 | Origen en zona de borde (0px)
17:26:34.714 DEBUG - [SALTO LIBRE POR ZONA] X:1919->5 | Origen en zona de borde (1px)
17:26:36.108 DEBUG - [SALTO LIBRE POR ZONA] X:1919->25 | Origen en zona de borde (1px)
17:26:37.026 DEBUG - [SALTO LIBRE POR ZONA] X:0->1865 | Origen en zona de borde (0px)
17:26:38.222 DEBUG - [SALTO LIBRE POR ZONA] X:1919->5 | Origen en zona de borde (1px)
17:26:38.918 DEBUG - [SALTO LIBRE POR ZONA] X:0->1915 | Origen en zona de borde (0px)
17:26:40.063 DEBUG - [SALTO LIBRE POR ZONA] Y:0->1173 | Origen en zona de borde (0px)
17:26:41.435 DEBUG - [SALTO LIBRE POR ZONA] Y:1199->5 | Origen en zona de borde (1px)
17:26:42.073 DEBUG - [SALTO LIBRE POR ZONA] Y:0->1184 | Origen en zona de borde (0px)
17:26:42.816 DEBUG - [SALTO LIBRE POR ZONA] Y:1199->5 | Origen en zona de borde (1px)
17:26:43.695 DEBUG - [SALTO LIBRE POR ZONA] Y:0->1162 | Origen en zona de borde (0px)
17:26:44.564 DEBUG - [SALTO LIBRE POR ZONA] Y:1199->28 | Origen en zona de borde (1px)
17:26:45.355 DEBUG - [SALTO LIBRE POR ZONA] Y:0->1174 | Origen en zona de borde (0px)
17:26:46.635 DEBUG - [SALTO LIBRE POR ZONA] X:1919->15 | Origen en zona de borde (1px)
17:26:47.678 DEBUG - [SALTO LIBRE POR ZONA] X:0->1884 | Origen en zona de borde (0px)
17:26:48.489 DEBUG - [SALTO LIBRE POR ZONA] X:1919->21 | Origen en zona de borde (1px)
17:26:49.631 DEBUG - [SALTO LIBRE POR ZONA] X:0->1865 | Origen en zona de borde (0px)
17:26:50.566 DEBUG - [SALTO LIBRE POR ZONA] Y:0->1175 | Origen en zona de borde (0px)
17:26:51.574 DEBUG - [SALTO LIBRE POR ZONA] X:1919->38 | Origen en zona de borde (1px)
17:26:52.107 DEBUG - [SALTO LIBRE POR ZONA] X:1919->45 | Origen en zona de borde (1px)
17:26:52.630 DEBUG - [SALTO LIBRE POR ZONA] X:1919->5 | Origen en zona de borde (1px)
17:26:53.362 DEBUG - [SALTO LIBRE POR ZONA] X:0->1915 | Origen en zona de borde (0px)
17:26:54.359 DEBUG - [SALTO LIBRE POR ZONA] X:0->1915 | Origen en zona de borde (0px)
17:26:55.307 DEBUG - [SALTO LIBRE POR ZONA] X:1919->5 | Origen en zona de borde (1px)
17:26:55.840 DEBUG - [SALTO LIBRE POR ZONA] X:1919->5 | Origen en zona de borde (1px)
17:26:56.364 DEBUG - [SALTO LIBRE POR ZONA] X:0->1915 | Origen en zona de borde (0px)
17:26:56.927 DEBUG - [SALTO LIBRE POR ZONA] X:1919->7 | Origen en zona de borde (1px)
17:27:02.809 DEBUG - [SALTO LIBRE POR ZONA] X:1919->5 | Origen en zona de borde (1px)
17:27:03.339 DEBUG - [SALTO LIBRE POR ZONA] X:1919->5 | Origen en zona de borde (1px)
17:27:06.417 DEBUG - [SALTO LIBRE POR ZONA] X:0->1910 | Origen en zona de borde (0px)
17:27:08.709 DEBUG - [SALTO LIBRE POR ZONA] X:1919->5 | Origen en zona de borde (1px)
17:27:10.621 DEBUG - [SALTO LIBRE POR ZONA] X:1919->5 | Origen en zona de borde (1px)
17:27:11.151 DEBUG - [SALTO LIBRE POR ZONA] X:1919->25 | Origen en zona de borde (1px)
17:27:11.679 DEBUG - [SALTO LIBRE POR ZONA] X:1919->65 | Origen en zona de borde (1px)
17:27:12.208 DEBUG - [SALTO LIBRE POR ZONA] X:1919->45 | Origen en zona de borde (1px)
17:27:12.729 DEBUG - [SALTO LIBRE POR ZONA] X:1919->5 | Origen en zona de borde (1px)
17:27:13.259 DEBUG - [SALTO LIBRE POR ZONA] X:1919->5 | Origen en zona de borde (1px)
17:28:45.396 DEBUG - [SALTO LIBRE POR ZONA] X:1919->5 | Origen en zona de borde (1px)
17:28:47.413 DEBUG - [SALTO LIBRE POR ZONA] X:1919->25 | Origen en zona de borde (1px)
17:28:47.939 DEBUG - [SALTO LIBRE POR ZONA] X:0->1894 | Origen en zona de borde (0px)
17:28:50.078 DEBUG - [SALTO LIBRE POR ZONA] X:1919->5 | Origen en zona de borde (1px)
17:28:52.269 DEBUG - [SALTO LIBRE POR ZONA] X:0->1915 | Origen en zona de borde (0px)
17:28:53.671 DEBUG - [SALTO LIBRE POR ZONA] X:1919->45 | Origen en zona de borde (1px)
17:28:54.206 DEBUG - [SALTO LIBRE POR ZONA] X:0->1885 | Origen en zona de borde (0px)
17:28:55.384 DEBUG - [SALTO LIBRE POR ZONA] X:1919->15 | Origen en zona de borde (1px)
17:28:56.698 DEBUG - [SALTO LIBRE POR ZONA] X:0->1900 | Origen en zona de borde (0px)
17:28:57.929 DEBUG - [SALTO LIBRE POR ZONA] X:1919->15 | Origen en zona de borde (1px)
17:29:00.792 DEBUG - [SALTO LIBRE POR ZONA] X:1919->65 | Origen en zona de borde (1px)
17:29:01.302 DEBUG - [SALTO LIBRE POR ZONA] X:0->1915 | Origen en zona de borde (0px)
17:29:02.452 DEBUG - [SALTO LIBRE POR ZONA] X:1919->65 | Origen en zona de borde (1px)
17:29:03.300 DEBUG - [SALTO LIBRE POR ZONA] X:0->1915 | Origen en zona de borde (0px)
17:29:05.115 DEBUG - [SALTO LIBRE POR ZONA] X:1919->66 | Origen en zona de borde (1px)
17:29:05.942 DEBUG - [SALTO LIBRE POR ZONA] X:0->1888 | Origen en zona de borde (0px)
17:29:07.423 DEBUG - [SALTO LIBRE POR ZONA] X:1919->15 | Origen en zona de borde (1px)
17:29:09.565 DEBUG - [SALTO LIBRE POR ZONA] X:1919->46 | Origen en zona de borde (1px)
17:29:59.889 DEBUG - [SALTO LIBRE POR ZONA] X:1919->5 | Origen en zona de borde (1px)
17:30:00.473 DEBUG - [SALTO LIBRE POR ZONA] X:0->1913 | Origen en zona de borde (0px)
17:30:05.685 INFO - ==========================================
17:30:05.686 INFO - SISTEMA REINICIADO CON DPI AWARENESS
17:30:05.686 INFO - ARCHIVO DE LOGS: D:\scripts\status script\f22_debug.log
17:30:05.686 INFO - ==========================================
17:30:08.034 DEBUG - [SALTO LIBRE POR ZONA] X:1919->5 | Origen en zona de borde (1px)
17:30:08.875 DEBUG - [SALTO LIBRE POR ZONA] X:0->1895 | Origen en zona de borde (0px)
17:30:09.956 DEBUG - [SALTO LIBRE POR ZONA] X:0->1875 | Origen en zona de borde (0px)
17:30:12.897 DEBUG - [SALTO LIBRE POR ZONA] X:1919->5 | Origen en zona de borde (1px)
17:30:15.754 DEBUG - [SALTO LIBRE POR ZONA] X:1919->65 | Origen en zona de borde (1px)
17:30:16.274 DEBUG - [SALTO LIBRE POR ZONA] X:1919->25 | Origen en zona de borde (1px)
17:30:16.805 DEBUG - [SALTO LIBRE POR ZONA] X:1919->45 | Origen en zona de borde (1px)
17:30:17.336 DEBUG - [SALTO LIBRE POR ZONA] X:1919->65 | Origen en zona de borde (1px)
17:30:17.859 DEBUG - [SALTO LIBRE POR ZONA] X:1919->46 | Origen en zona de borde (1px)
17:30:18.387 DEBUG - [SALTO LIBRE POR ZONA] X:1919->25 | Origen en zona de borde (1px)
17:31:11.543 DEBUG - [SALTO LIBRE POR ZONA] Y:0->1181 | Origen en zona de borde (0px)
17:31:12.746 DEBUG - [SALTO LIBRE POR ZONA] Y:0->1141 | Origen en zona de borde (0px)
17:31:13.515 DEBUG - [SALTO LIBRE POR ZONA] Y:1199->46 | Origen en zona de borde (1px)
17:31:14.370 DEBUG - [SALTO LIBRE POR ZONA] Y:0->1115 | Origen en zona de borde (0px)
17:31:16.938 DEBUG - [SALTO LIBRE POR ZONA] X:1919->5 | Origen en zona de borde (1px)
17:31:17.999 DEBUG - [SALTO LIBRE POR ZONA] X:0->1908 | Origen en zona de borde (0px)
17:31:18.790 DEBUG - [SALTO LIBRE POR ZONA] X:1919->13 | Origen en zona de borde (1px)
17:31:19.523 DEBUG - [SALTO LIBRE POR ZONA] X:0->1897 | Origen en zona de borde (0px)
17:31:20.258 DEBUG - [SALTO LIBRE POR ZONA] X:1919->5 | Origen en zona de borde (1px)
17:31:21.229 DEBUG - [SALTO LIBRE POR ZONA] X:0->1915 | Origen en zona de borde (0px)
17:31:22.258 DEBUG - [SALTO LIBRE POR ZONA] X:1919->28 | Origen en zona de borde (1px)
17:31:22.987 DEBUG - [SALTO LIBRE POR ZONA] X:0->1874 | Origen en zona de borde (0px)
17:31:24.079 DEBUG - [SALTO LIBRE POR ZONA] X:1919->5 | Origen en zona de borde (1px)
17:31:24.707 DEBUG - [SALTO LIBRE POR ZONA] X:0->1915 | Origen en zona de borde (0px)
17:31:25.657 DEBUG - [SALTO LIBRE POR ZONA] X:1919->15 | Origen en zona de borde (1px)
17:31:26.341 DEBUG - [SALTO LIBRE POR ZONA] X:0->1899 | Origen en zona de borde (0px)
17:31:27.118 DEBUG - [SALTO LIBRE POR ZONA] X:1919->16 | Origen en zona de borde (1px)
17:31:27.670 DEBUG - [SALTO LIBRE POR ZONA] X:0->1900 | Origen en zona de borde (0px)
17:31:28.200 DEBUG - [SALTO LIBRE POR ZONA] X:1919->28 | Origen en zona de borde (1px)
17:31:28.719 DEBUG - [SALTO LIBRE POR ZONA] X:0->1915 | Origen en zona de borde (0px)
17:31:29.246 DEBUG - [SALTO LIBRE POR ZONA] X:1919->19 | Origen en zona de borde (1px)
17:31:31.116 DEBUG - [SALTO LIBRE POR ZONA] Y:0->1185 | Origen en zona de borde (0px)
17:31:32.978 DEBUG - [SALTO LIBRE POR ZONA] Y:0->1128 | Origen en zona de borde (0px)
17:31:33.666 DEBUG - [SALTO LIBRE POR ZONA] Y:1199->26 | Origen en zona de borde (1px)
17:31:38.098 DEBUG - [SALTO LIBRE POR ZONA] X:1919->5 | Origen en zona de borde (1px)
17:31:39.599 DEBUG - [SALTO LIBRE POR ZONA] X:1919->45 | Origen en zona de borde (1px)
17:32:26.926 DEBUG - [SALTO LIBRE POR ZONA] X:1919->25 | Origen en zona de borde (1px)
17:32:30.023 DEBUG - [SALTO LIBRE POR ZONA] X:1919->5 | Origen en zona de borde (1px)
17:32:31.028 DEBUG - [SALTO LIBRE POR ZONA] X:0->1915 | Origen en zona de borde (0px)
17:32:32.345 DEBUG - [SALTO LIBRE POR ZONA] X:1919->56 | Origen en zona de borde (1px)
17:32:36.152 DEBUG - [SALTO LIBRE POR ZONA] X:1919->5 | Origen en zona de borde (1px)
17:32:36.694 DEBUG - [SALTO LIBRE POR ZONA] X:0->1915 | Origen en zona de borde (0px)
17:32:40.118 DEBUG - [SALTO LIBRE POR ZONA] X:1919->65 | Origen en zona de borde (1px)
17:32:40.765 DEBUG - [SALTO LIBRE POR ZONA] X:0->1915 | Origen en zona de borde (0px)
17:32:42.235 DEBUG - [SALTO LIBRE POR ZONA] X:1919->65 | Origen en zona de borde (1px)
17:33:01.333 INFO - ==========================================
17:33:01.333 INFO - SISTEMA REINICIADO CON DPI AWARENESS
17:33:01.333 INFO - ARCHIVO DE LOGS: D:\scripts\status script\f22_debug.log
17:33:01.333 INFO - ==========================================
17:33:02.665 DEBUG - [SALTO LIBRE POR ZONA] X:1919->85 | Origen en zona de borde (1px) o Viaje Corto
17:33:03.810 DEBUG - [SALTO LIBRE POR ZONA] X:0->1915 | Origen en zona de borde (0px) o Viaje Corto
17:33:05.588 DEBUG - [SALTO LIBRE POR ZONA] X:1919->65 | Origen en zona de borde (1px) o Viaje Corto
17:33:06.108 DEBUG - [SALTO LIBRE POR ZONA] X:1919->5 | Origen en zona de borde (1px) o Viaje Corto
17:33:06.628 DEBUG - [SALTO LIBRE POR ZONA] X:0->1895 | Origen en zona de borde (0px) o Viaje Corto
17:33:11.266 DEBUG - [SALTO LIBRE POR ZONA] X:1919->5 | Origen en zona de borde (1px) o Viaje Corto
17:33:12.405 DEBUG - [SALTO LIBRE POR ZONA] X:0->1908 | Origen en zona de borde (0px) o Viaje Corto
17:33:13.218 DEBUG - [SALTO LIBRE POR ZONA] X:1919->5 | Origen en zona de borde (1px) o Viaje Corto
17:33:14.249 DEBUG - [SALTO LIBRE POR ZONA] X:0->1874 | Origen en zona de borde (0px) o Viaje Corto
17:33:15.205 DEBUG - [SALTO LIBRE POR ZONA] X:1919->32 | Origen en zona de borde (1px) o Viaje Corto
17:33:16.358 DEBUG - [SALTO LIBRE POR ZONA] X:1919->25 | Origen en zona de borde (1px) o Viaje Corto
17:33:16.885 DEBUG - [SALTO LIBRE POR ZONA] X:1919->25 | Origen en zona de borde (1px) o Viaje Corto
17:33:17.411 DEBUG - [SALTO LIBRE POR ZONA] X:1919->25 | Origen en zona de borde (1px) o Viaje Corto
17:33:17.942 DEBUG - [SALTO LIBRE POR ZONA] X:1919->45 | Origen en zona de borde (1px) o Viaje Corto
17:33:18.462 DEBUG - [SALTO LIBRE POR ZONA] X:1919->5 | Origen en zona de borde (1px) o Viaje Corto
17:33:18.997 DEBUG - [SALTO LIBRE POR ZONA] X:0->1910 | Origen en zona de borde (0px) o Viaje Corto
17:33:22.366 DEBUG - [SALTO LIBRE POR ZONA] X:1919->5 | Origen en zona de borde (1px) o Viaje Corto
17:33:23.000 DEBUG - [SALTO LIBRE POR ZONA] X:0->1912 | Origen en zona de borde (0px) o Viaje Corto
17:33:24.941 DEBUG - [SALTO LIBRE POR ZONA] X:1919->65 | Origen en zona de borde (1px) o Viaje Corto
17:33:25.459 DEBUG - [SALTO LIBRE POR ZONA] X:1919->5 | Origen en zona de borde (1px) o Viaje Corto
17:33:25.989 DEBUG - [SALTO LIBRE POR ZONA] X:1919->25 | Origen en zona de borde (1px) o Viaje Corto
17:33:44.401 DEBUG - [SALTO LIBRE POR ZONA] Y:0->1195 | Origen en zona de borde (0px) o Viaje Corto
17:33:45.054 DEBUG - [SALTO LIBRE POR ZONA] Y:1199->5 | Origen en zona de borde (1px) o Viaje Corto
17:33:46.235 DEBUG - [SALTO LIBRE POR ZONA] X:1919->25 | Origen en zona de borde (1px) o Viaje Corto
17:33:46.806 DEBUG - [SALTO LIBRE POR ZONA] X:0->1912 | Origen en zona de borde (0px) o Viaje Corto
17:33:48.187 DEBUG - [SALTO LIBRE POR ZONA] X:1919->26 | Origen en zona de borde (1px) o Viaje Corto
17:33:48.709 DEBUG - [SALTO LIBRE POR ZONA] X:0->1915 | Origen en zona de borde (0px) o Viaje Corto
17:39:58.690 INFO - ==========================================
17:39:58.691 INFO - SISTEMA REINICIADO CON DPI AWARENESS
17:39:58.691 INFO - ARCHIVO DE LOGS: D:\scripts\status script\f22_debug.log
17:39:58.691 INFO - ==========================================
17:40:00.616 DEBUG - [SALTO LIBRE POR ZONA] X:1919->85 | Origen en zona de borde (1px) o Viaje Corto
17:40:01.865 DEBUG - [SALTO LIBRE POR ZONA] X:1919->45 | Origen en zona de borde (1px) o Viaje Corto
17:40:02.919 DEBUG - [SALTO LIBRE POR ZONA] X:1919->5 | Origen en zona de borde (1px) o Viaje Corto
17:40:03.443 DEBUG - [SALTO LIBRE POR ZONA] X:0->1915 | Origen en zona de borde (0px) o Viaje Corto
17:40:04.797 DEBUG - [SALTO LIBRE POR ZONA] X:1919->10 | Origen en zona de borde (1px) o Viaje Corto
17:40:05.471 DEBUG - [SALTO LIBRE POR ZONA] X:0->1864 | Origen en zona de borde (0px) o Viaje Corto
17:40:06.832 DEBUG - [SALTO LIBRE POR ZONA] X:1919->5 | Origen en zona de borde (1px) o Viaje Corto
17:40:08.057 DEBUG - [SALTO LIBRE POR ZONA] Y:1199->5 | Origen en zona de borde (1px) o Viaje Corto
17:40:09.182 DEBUG - [SALTO LIBRE POR ZONA] Y:0->1178 | Origen en zona de borde (0px) o Viaje Corto
17:40:10.212 DEBUG - [SALTO LIBRE POR ZONA] X:0->1902 | Origen en zona de borde (0px) o Viaje Corto
17:40:10.990 DEBUG - [SALTO LIBRE POR ZONA] X:1919->22 | Origen en zona de borde (1px) o Viaje Corto
17:40:11.733 DEBUG - [SALTO LIBRE POR ZONA] X:0->1864 | Origen en zona de borde (0px) o Viaje Corto
17:40:12.545 DEBUG - [SALTO LIBRE POR ZONA] X:1919->5 | Origen en zona de borde (1px) o Viaje Corto
17:40:14.446 DEBUG - [SALTO LIBRE POR ZONA] X:0->1915 | Origen en zona de borde (0px) o Viaje Corto
17:40:15.753 DEBUG - [SALTO LIBRE POR ZONA] X:1919->5 | Origen en zona de borde (1px) o Viaje Corto
17:40:17.219 DEBUG - [SALTO LIBRE POR ZONA] X:0->1895 | Origen en zona de borde (0px) o Viaje Corto
17:40:18.201 DEBUG - [SALTO LIBRE POR ZONA] X:1919->5 | Origen en zona de borde (1px) o Viaje Corto
17:40:21.060 DEBUG - [SALTO LIBRE POR ZONA] X:1919->5 | Origen en zona de borde (1px) o Viaje Corto
17:40:23.272 DEBUG - [SALTO LIBRE POR ZONA] X:1919->5 | Origen en zona de borde (1px) o Viaje Corto
17:40:25.112 DEBUG - [SALTO LIBRE POR ZONA] X:0->1915 | Origen en zona de borde (0px) o Viaje Corto
17:40:26.268 DEBUG - [SALTO LIBRE POR ZONA] X:1919->46 | Origen en zona de borde (1px) o Viaje Corto
17:40:27.504 DEBUG - [SALTO LIBRE POR ZONA] X:1919->25 | Origen en zona de borde (1px) o Viaje Corto
17:40:28.034 DEBUG - [SALTO LIBRE POR ZONA] X:1919->25 | Origen en zona de borde (1px) o Viaje Corto
17:40:28.564 DEBUG - [SALTO LIBRE POR ZONA] X:1919->45 | Origen en zona de borde (1px) o Viaje Corto
17:40:30.425 DEBUG - [SALTO LIBRE POR ZONA] X:1919->86 | Origen en zona de borde (1px) o Viaje Corto
17:40:33.379 DEBUG - [SALTO LIBRE POR ZONA] X:1919->5 | Origen en zona de borde (1px) o Viaje Corto
17:40:37.802 DEBUG - [SALTO LIBRE POR ZONA] X:1919->25 | Origen en zona de borde (1px) o Viaje Corto
17:40:38.334 DEBUG - [SALTO LIBRE POR ZONA] X:1919->45 | Origen en zona de borde (1px) o Viaje Corto
17:40:38.864 DEBUG - [SALTO LIBRE POR ZONA] X:1919->45 | Origen en zona de borde (1px) o Viaje Corto
17:40:39.385 DEBUG - [SALTO LIBRE POR ZONA] X:1919->5 | Origen en zona de borde (1px) o Viaje Corto
18:11:01.660 DEBUG - [SALTO LIBRE POR ZONA] X:1600->0 | Origen en zona de borde (320px) o Viaje Corto
18:11:01.664 DEBUG - [SALTO LIBRE POR ZONA] Y:1033->0 | Origen en zona de borde (167px) o Viaje Corto
18:11:04.949 DEBUG - [SALTO LIBRE POR ZONA] X:0->1600 | Origen en zona de borde (0px) o Viaje Corto
18:11:04.949 DEBUG - [SALTO LIBRE POR ZONA] Y:0->1033 | Origen en zona de borde (0px) o Viaje Corto
18:11:17.793 INFO - ==========================================
18:11:17.793 INFO - SISTEMA REINICIADO CON DPI AWARENESS
18:11:17.794 INFO - ARCHIVO DE LOGS: D:\scripts\status script\f22_debug.log
18:11:17.794 INFO - ==========================================
18:11:20.306 DEBUG - [SALTO LIBRE POR ZONA] X:1919->5 | Manual, origen=1
18:11:22.378 DEBUG - [SALTO LIBRE POR ZONA] X:0->1884 | Manual, origen=0
18:11:23.274 DEBUG - [SALTO LIBRE POR ZONA] X:1919->10 | Manual, origen=1
18:11:26.414 DEBUG - [SALTO LIBRE POR ZONA] X:0->1899 | Manual, origen=0
18:11:29.190 DEBUG - [SALTO LIBRE POR ZONA] X:1919->10 | Manual, origen=1
18:11:29.887 DEBUG - [SALTO LIBRE POR ZONA] X:0->1915 | Manual, origen=0
18:11:30.648 DEBUG - [SALTO LIBRE POR ZONA] X:1919->10 | Manual, origen=1
18:11:31.395 DEBUG - [SALTO LIBRE POR ZONA] X:0->1915 | Manual, origen=0
18:11:32.997 DEBUG - [SALTO LIBRE POR ZONA] Y:0->1174 | Manual, origen=0
18:11:34.090 DEBUG - [SALTO LIBRE POR ZONA] Y:1199->11 | Manual, origen=1
18:11:36.383 DEBUG - [SALTO LIBRE POR ZONA] X:0->1915 | Manual, origen=0
18:11:37.765 DEBUG - [SALTO LIBRE POR ZONA] X:1919->85 | Manual, origen=1
18:11:44.708 DEBUG - [SALTO LIBRE POR ZONA] X:1919->65 | Manual, origen=1
18:11:46.523 DEBUG - [SALTO LIBRE POR ZONA] X:0->1915 | Manual, origen=0
18:11:49.725 DEBUG - [SALTO LIBRE POR ZONA] X:1919->15 | Manual, origen=1
18:11:51.822 DEBUG - [SALTO LIBRE POR ZONA] X:1919->45 | Manual, origen=1
18:11:53.796 DEBUG - [SALTO LIBRE POR ZONA] X:1919->39 | Manual, origen=1
18:11:57.750 DEBUG - [SALTO LIBRE POR ZONA] X:1919->25 | Manual, origen=1
18:12:00.296 DEBUG - [SALTO LIBRE POR ZONA] X:1919->65 | Manual, origen=1
18:12:01.263 DEBUG - [SALTO LIBRE POR ZONA] X:0->1915 | Manual, origen=0
18:12:01.805 DEBUG - [SALTO LIBRE POR ZONA] X:1919->5 | Manual, origen=1
18:12:02.833 DEBUG - [SALTO LIBRE POR ZONA] X:1919->65 | Manual, origen=1
18:12:04.878 DEBUG - [SALTO LIBRE POR ZONA] X:1919->25 | Manual, origen=1
18:12:06.710 DEBUG - [SALTO LIBRE POR ZONA] X:1919->66 | Manual, origen=1
18:13:02.967 DEBUG - [SALTO LIBRE POR ZONA] X:1919->5 | Manual, origen=1
18:14:36.917 DEBUG - [SALTO LIBRE POR ZONA] X:1919->65 | Manual, origen=1
18:18:31.469 DEBUG - [SALTO LIBRE POR ZONA] X:1919->15 | Manual, origen=1
18:20:00.838 DEBUG - [SALTO LIBRE POR ZONA] X:1919->5 | Manual, origen=1
18:20:03.219 DEBUG - [SALTO LIBRE POR ZONA] X:1919->66 | Manual, origen=1
18:20:21.169 DEBUG - [SALTO LIBRE POR ZONA] X:1919->66 | Manual, origen=1
18:20:23.426 DEBUG - [SALTO LIBRE POR ZONA] X:1919->15 | Manual, origen=1
18:20:24.856 DEBUG - [SALTO LIBRE POR ZONA] X:0->1909 | Manual, origen=0
18:20:25.611 DEBUG - [SALTO LIBRE POR ZONA] X:1919->5 | Manual, origen=1
18:20:26.335 DEBUG - [SALTO LIBRE POR ZONA] X:0->1915 | Manual, origen=0
18:20:27.529 DEBUG - [SALTO LIBRE POR ZONA] X:1919->5 | Manual, origen=1
18:20:34.702 DEBUG - [SALTO LIBRE POR ZONA] X:1919->25 | Manual, origen=1
18:20:36.604 DEBUG - [SALTO LIBRE POR ZONA] X:0->1915 | Manual, origen=0
18:20:41.586 DEBUG - [SALTO LIBRE POR ZONA] X:1919->5 | Manual, origen=1
18:20:44.886 DEBUG - [SALTO LIBRE POR ZONA] X:1919->5 | Manual, origen=1
18:20:47.847 DEBUG - [SALTO LIBRE POR ZONA] X:1919->86 | Manual, origen=1
18:20:51.722 DEBUG - [SALTO LIBRE POR ZONA] X:1919->65 | Manual, origen=1
18:20:54.557 DEBUG - [SALTO LIBRE POR ZONA] X:1919->25 | Manual, origen=1
18:20:57.012 DEBUG - [SALTO LIBRE POR ZONA] X:1919->25 | Manual, origen=1
18:20:59.611 DEBUG - [SALTO LIBRE POR ZONA] X:1919->5 | Manual, origen=1
18:29:59.483 DEBUG - [SALTO LIBRE POR ZONA] Y:1199->5 | Manual, origen=1
18:30:00.234 DEBUG - [SALTO LIBRE POR ZONA] Y:0->1192 | Manual, origen=0
18:30:03.412 DEBUG - [SALTO LIBRE POR ZONA] X:0->1915 | Manual, origen=0
18:30:04.711 DEBUG - [SALTO LIBRE POR ZONA] X:1919->16 | Manual, origen=1
18:30:05.255 DEBUG - [SALTO LIBRE POR ZONA] X:0->1900 | Manual, origen=0
18:30:06.552 DEBUG - [SALTO LIBRE POR ZONA] X:0->1915 | Manual, origen=0
18:30:07.085 DEBUG - [SALTO LIBRE POR ZONA] X:1919->5 | Manual, origen=1
18:30:08.094 DEBUG - [SALTO LIBRE POR ZONA] X:1919->65 | Manual, origen=1
18:30:09.087 DEBUG - [SALTO LIBRE POR ZONA] X:1919->25 | Manual, origen=1
18:30:12.645 DEBUG - [SALTO LIBRE POR ZONA] X:1919->65 | Manual, origen=1
18:30:14.512 DEBUG - [SALTO LIBRE POR ZONA] X:0->1915 | Manual, origen=0
18:30:15.057 DEBUG - [SALTO LIBRE POR ZONA] X:1919->9 | Manual, origen=1
18:30:15.599 DEBUG - [SALTO LIBRE POR ZONA] X:1919->65 | Manual, origen=1
18:30:17.601 DEBUG - [SALTO LIBRE POR ZONA] Y:0->1135 | Manual, origen=0
18:30:19.512 DEBUG - [SALTO LIBRE POR ZONA] X:1919->5 | Manual, origen=1
18:30:21.898 DEBUG - [SALTO LIBRE POR ZONA] X:1919->25 | Manual, origen=1
18:30:23.283 DEBUG - [SALTO LIBRE POR ZONA] X:1919->5 | Manual, origen=1
18:30:23.857 DEBUG - [SALTO LIBRE POR ZONA] X:0->1915 | Manual, origen=0
18:30:26.724 DEBUG - [SALTO LIBRE POR ZONA] X:1919->26 | Manual, origen=1
18:30:28.694 DEBUG - [SALTO LIBRE POR ZONA] X:1919->28 | Manual, origen=1
18:30:30.934 DEBUG - [SALTO LIBRE POR ZONA] X:1919->5 | Manual, origen=1
18:30:32.736 DEBUG - [SALTO LIBRE POR ZONA] X:1919->5 | Manual, origen=1
18:30:34.375 DEBUG - [SALTO LIBRE POR ZONA] X:1919->16 | Manual, origen=1
18:30:37.108 DEBUG - [SALTO LIBRE POR ZONA] X:1919->28 | Manual, origen=1
18:30:39.563 DEBUG - [SALTO LIBRE POR ZONA] X:1919->5 | Manual, origen=1
18:30:46.004 DEBUG - [SALTO LIBRE POR ZONA] X:1919->25 | Manual, origen=1
18:30:48.733 DEBUG - [SALTO LIBRE POR ZONA] X:1919->45 | Manual, origen=1
18:30:51.272 DEBUG - [SALTO LIBRE POR ZONA] X:1919->5 | Manual, origen=1
18:30:53.833 DEBUG - [SALTO LIBRE POR ZONA] X:1919->45 | Manual, origen=1
18:30:56.211 DEBUG - [SALTO LIBRE POR ZONA] X:1919->11 | Manual, origen=1
18:30:56.894 DEBUG - [SALTO LIBRE POR ZONA] X:0->1884 | Manual, origen=0
18:30:57.654 DEBUG - [SALTO LIBRE POR ZONA] X:1919->5 | Manual, origen=1
18:30:58.393 DEBUG - [SALTO LIBRE POR ZONA] X:0->1900 | Manual, origen=0
18:30:59.001 DEBUG - [SALTO LIBRE POR ZONA] X:1919->21 | Manual, origen=1
18:30:59.621 DEBUG - [SALTO LIBRE POR ZONA] X:0->1893 | Manual, origen=0
18:31:01.381 DEBUG - [SALTO LIBRE POR ZONA] X:1919->45 | Manual, origen=1
18:31:02.346 DEBUG - [SALTO LIBRE POR ZONA] X:0->1895 | Manual, origen=0
18:31:02.988 DEBUG - [SALTO LIBRE POR ZONA] X:1919->5 | Manual, origen=1
18:31:03.731 DEBUG - [SALTO LIBRE POR ZONA] X:0->1915 | Manual, origen=0
18:31:04.873 DEBUG - [SALTO LIBRE POR ZONA] X:1919->65 | Manual, origen=1
18:31:06.869 DEBUG - [SALTO LIBRE POR ZONA] X:0->1854 | Manual, origen=0
18:31:08.203 DEBUG - [SALTO LIBRE POR ZONA] Y:0->1158 | Manual, origen=0
18:31:08.971 DEBUG - [SALTO LIBRE POR ZONA] Y:1199->10 | Manual, origen=1
18:31:12.190 DEBUG - [SALTO LIBRE POR ZONA] X:1919->5 | Manual, origen=1
18:31:13.653 DEBUG - [SALTO LIBRE POR ZONA] X:1919->46 | Manual, origen=1
18:31:16.254 DEBUG - [SALTO LIBRE POR ZONA] X:1919->5 | Manual, origen=1
18:31:17.517 DEBUG - [SALTO LIBRE POR ZONA] X:1919->5 | Manual, origen=1
18:31:48.278 DEBUG - [SALTO LIBRE POR ZONA] X:0->1915 | Manual, origen=0
18:31:50.400 DEBUG - [SALTO LIBRE POR ZONA] X:1919->14 | Manual, origen=1
18:31:53.574 DEBUG - [SALTO LIBRE POR ZONA] X:1919->65 | Manual, origen=1
18:31:55.922 DEBUG - [SALTO LIBRE POR ZONA] X:1919->18 | Manual, origen=1
18:31:58.084 DEBUG - [SALTO LIBRE POR ZONA] X:1919->22 | Manual, origen=1
18:32:03.043 DEBUG - [SALTO LIBRE POR ZONA] X:1919->39 | Manual, origen=1
18:32:05.018 DEBUG - [SALTO LIBRE POR ZONA] X:1919->15 | Manual, origen=1
18:32:08.700 DEBUG - [SALTO LIBRE POR ZONA] X:1919->65 | Manual, origen=1
18:33:21.624 INFO - ==========================================
18:33:21.625 INFO - SISTEMA REINICIADO CON DPI AWARENESS
18:33:21.625 INFO - ARCHIVO DE LOGS: D:\scripts\status script\f22_debug.log
18:33:21.625 INFO - ==========================================
18:35:47.409 DEBUG - [SALTO PROTEGIDO EXT] X:1919->65 | ANCLAJE EN: 545 (Dist: 814)
18:35:49.417 DEBUG - [MURO X LIBERADO por tiempo]
18:35:51.717 DEBUG - [SALTO PROTEGIDO EXT] X:1919->26 | ANCLAJE EN: 506 (Dist: 1433)
18:35:52.682 DEBUG - [MURO X LIBERADO por movimiento opuesto]
18:35:53.317 DEBUG - [SALTO LIBRE POR ZONA] X:0->1911 | Viaje Corto (Dist: 31)
18:35:54.482 DEBUG - [SALTO LIBRE POR ZONA] X:1919->43 | Viaje Corto (Dist: 232)
18:35:55.647 DEBUG - [SALTO PROTEGIDO EXT] X:1919->5 | ANCLAJE EN: 485 (Dist: 1441)
18:35:57.084 DEBUG - [MURO X LIBERADO por movimiento opuesto]
18:35:58.382 DEBUG - [SALTO PROTEGIDO EXT] X:1919->45 | ANCLAJE EN: 525 (Dist: 1533)
18:36:00.387 DEBUG - [MURO X LIBERADO por tiempo]
18:36:02.044 DEBUG - [SALTO PROTEGIDO EXT] X:1919->5 | ANCLAJE EN: 485 (Dist: 1010)
18:36:02.775 DEBUG - [MURO X LIBERADO por movimiento opuesto]
18:36:04.679 DEBUG - [SALTO PROTEGIDO EXT] Y:0->1195 | ANCLAJE EN: 895 (Dist: 833)
18:36:05.256 DEBUG - [MURO Y LIBERADO por movimiento opuesto]
18:36:05.476 DEBUG - [SALTO LIBRE POR ZONA] Y:1199->15 | Viaje Corto (Dist: 304)
18:36:07.918 DEBUG - [SALTO LIBRE POR ZONA] X:0->1888 | Viaje Corto (Dist: 240)
18:36:09.106 DEBUG - [SALTO LIBRE POR ZONA] X:1919->27 | Viaje Corto (Dist: 165)
18:36:09.648 DEBUG - [SALTO LIBRE POR ZONA] X:0->1915 | Viaje Corto (Dist: 190)
18:36:10.576 DEBUG - [SALTO LIBRE POR ZONA] X:1919->5 | Viaje Corto (Dist: 357)
18:36:11.284 DEBUG - [SALTO LIBRE POR ZONA] X:0->1915 | Viaje Corto (Dist: 259)
18:36:11.986 DEBUG - [SALTO LIBRE POR ZONA] X:1919->15 | Viaje Corto (Dist: 372)
18:36:12.591 DEBUG - [SALTO LIBRE POR ZONA] X:0->1905 | Viaje Corto (Dist: 303)
18:36:13.321 DEBUG - [SALTO LIBRE POR ZONA] X:1919->32 | Viaje Corto (Dist: 431)
18:36:13.901 DEBUG - [SALTO LIBRE POR ZONA] X:0->1915 | Viaje Corto (Dist: 390)
18:36:15.580 DEBUG - [SALTO PROTEGIDO EXT] X:1919->59 | ANCLAJE EN: 539 (Dist: 544)
18:36:16.694 DEBUG - [MURO X LIBERADO por movimiento opuesto]
18:36:17.781 DEBUG - [SALTO PROTEGIDO EXT] X:1919->66 | ANCLAJE EN: 546 (Dist: 1445)
18:36:19.015 DEBUG - [MURO X LIBERADO por movimiento opuesto]
18:36:20.605 DEBUG - [SALTO PROTEGIDO EXT] X:1919->65 | ANCLAJE EN: 545 (Dist: 1731)
18:36:21.585 DEBUG - [MURO X LIBERADO por movimiento opuesto]
18:36:22.667 DEBUG - [SALTO PROTEGIDO EXT] X:1919->25 | ANCLAJE EN: 505 (Dist: 1374)
18:36:24.669 DEBUG - [MURO X LIBERADO por tiempo]
18:36:26.490 DEBUG - [SALTO PROTEGIDO EXT] X:1919->25 | ANCLAJE EN: 505 (Dist: 1414)
18:36:28.491 DEBUG - [MURO X LIBERADO por tiempo]
18:36:30.267 DEBUG - [SALTO PROTEGIDO EXT] X:1919->25 | ANCLAJE EN: 505 (Dist: 1245)
18:36:31.685 DEBUG - [MURO X LIBERADO por movimiento opuesto]
18:36:33.638 DEBUG - [SALTO PROTEGIDO EXT] Y:0->1175 | ANCLAJE EN: 875 (Dist: 1084)
18:36:34.540 DEBUG - [MURO Y LIBERADO por movimiento opuesto]
18:36:35.319 DEBUG - [SALTO PROTEGIDO EXT] Y:0->1115 | ANCLAJE EN: 815 (Dist: 1009)
18:36:35.975 DEBUG - [MURO Y LIBERADO por movimiento opuesto]
18:36:40.737 DEBUG - [SALTO PROTEGIDO EXT] Y:0->1195 | ANCLAJE EN: 895 (Dist: 1021)
18:36:42.744 DEBUG - [MURO Y LIBERADO por tiempo]
18:36:43.686 DEBUG - [SALTO PROTEGIDO EXT] X:1919->65 | ANCLAJE EN: 545 (Dist: 1803)
18:36:44.385 DEBUG - [MURO X LIBERADO por movimiento opuesto]
18:36:47.399 DEBUG - [SALTO PROTEGIDO EXT] X:1919->46 | ANCLAJE EN: 526 (Dist: 1446)
18:36:47.411 DEBUG - [MURO X LIBERADO por movimiento opuesto]
18:36:49.282 DEBUG - [SALTO LIBRE POR ZONA] X:1919->28 | Viaje Corto (Dist: 163)
18:36:49.992 DEBUG - [SALTO PROTEGIDO EXT] X:0->1865 | ANCLAJE EN: 1385 (Dist: 585)
18:36:51.555 DEBUG - [MURO X LIBERADO por movimiento opuesto]
18:36:53.015 DEBUG - [SALTO PROTEGIDO EXT] Y:0->1195 | ANCLAJE EN: 895 (Dist: 790)
18:36:53.569 DEBUG - [MURO Y LIBERADO por movimiento opuesto]
18:36:59.025 DEBUG - [SALTO LIBRE POR ZONA] X:1919->18 | Viaje Corto (Dist: 397)
18:36:59.775 DEBUG - [SALTO LIBRE POR ZONA] X:0->1915 | Viaje Corto (Dist: 167)
18:37:00.442 DEBUG - [SALTO LIBRE POR ZONA] X:1919->15 | Viaje Corto (Dist: 291)
18:37:00.984 DEBUG - [SALTO LIBRE POR ZONA] X:0->1915 | Viaje Corto (Dist: 162)
18:37:01.622 DEBUG - [SALTO LIBRE POR ZONA] X:1919->15 | Viaje Corto (Dist: 374)
18:37:02.202 DEBUG - [SALTO LIBRE POR ZONA] X:0->1915 | Viaje Corto (Dist: 300)
18:37:04.139 DEBUG - [SALTO LIBRE POR ZONA] Y:1199->5 | Viaje Corto (Dist: 75)
18:37:05.607 DEBUG - [SALTO LIBRE POR ZONA] Y:0->1184 | Viaje Corto (Dist: 117)
18:37:06.452 DEBUG - [SALTO PROTEGIDO EXT] Y:1199->5 | ANCLAJE EN: 305 (Dist: 635)
18:37:07.372 DEBUG - [MURO Y LIBERADO por movimiento opuesto]
18:37:07.569 DEBUG - [SALTO LIBRE POR ZONA] Y:0->1195 | Viaje Corto (Dist: 305)
18:37:09.002 DEBUG - [SALTO LIBRE POR ZONA] Y:1199->5 | Viaje Corto (Dist: 140)
18:37:09.979 DEBUG - [SALTO LIBRE POR ZONA] Y:0->1184 | Viaje Corto (Dist: 87)
18:37:10.715 DEBUG - [SALTO LIBRE POR ZONA] Y:1199->16 | Viaje Corto (Dist: 115)
18:37:12.966 DEBUG - [SALTO LIBRE POR ZONA] Y:0->1178 | Viaje Corto (Dist: 125)
18:37:13.765 DEBUG - [SALTO LIBRE POR ZONA] Y:1199->32 | Viaje Corto (Dist: 440)
18:37:15.200 DEBUG - [SALTO LIBRE POR ZONA] Y:0->1185 | Viaje Corto (Dist: 271)
18:37:15.812 DEBUG - [SALTO LIBRE POR ZONA] Y:1199->12 | Viaje Corto (Dist: 155)
18:37:17.401 DEBUG - [SALTO LIBRE POR ZONA] Y:0->1195 | Viaje Corto (Dist: 390)
18:37:18.179 DEBUG - [SALTO LIBRE POR ZONA] Y:1199->21 | Viaje Corto (Dist: 82)
18:37:19.575 DEBUG - [SALTO PROTEGIDO EXT] X:1919->5 | ANCLAJE EN: 485 (Dist: 1350)
18:37:20.794 DEBUG - [MURO X LIBERADO por movimiento opuesto]
18:37:22.564 DEBUG - [SALTO PROTEGIDO EXT] X:1919->66 | ANCLAJE EN: 546 (Dist: 1756)
18:37:23.410 DEBUG - [MURO X LIBERADO por movimiento opuesto]
18:37:24.710 DEBUG - [SALTO PROTEGIDO EXT] X:1919->45 | ANCLAJE EN: 525 (Dist: 1634)
18:37:26.714 DEBUG - [MURO X LIBERADO por tiempo]
18:37:35.044 DEBUG - [SALTO PROTEGIDO EXT] Y:1199->5 | ANCLAJE EN: 305 (Dist: 863)
18:37:35.475 DEBUG - [MURO Y LIBERADO por movimiento opuesto]
18:37:36.002 DEBUG - [SALTO LIBRE POR ZONA] Y:0->1195 | Viaje Corto (Dist: 42)
19:00:12.674 DEBUG - [SALTO LIBRE POR ZONA] X:1919->8 | Viaje Corto (Dist: 33)
19:00:13.393 DEBUG - [SALTO LIBRE POR ZONA] X:0->1915 | Viaje Corto (Dist: 228)
19:01:21.802 DEBUG - [SALTO PROTEGIDO EXT] X:1919->85 | ANCLAJE EN: 565 (Dist: 1205)
19:01:22.811 DEBUG - [MURO X LIBERADO por movimiento opuesto]
19:01:23.974 DEBUG - [SALTO PROTEGIDO EXT] X:1919->5 | ANCLAJE EN: 485 (Dist: 1354)
19:01:24.934 DEBUG - [MURO X LIBERADO por movimiento opuesto]
19:01:26.330 DEBUG - [SALTO LIBRE POR ZONA] X:0->1915 | Viaje Corto (Dist: 100)
19:01:27.139 DEBUG - [SALTO LIBRE POR ZONA] X:1919->27 | Viaje Corto (Dist: 204)
19:01:27.762 DEBUG - [SALTO LIBRE POR ZONA] X:0->1888 | Viaje Corto (Dist: 405)
19:01:28.854 DEBUG - [SALTO LIBRE POR ZONA] X:1919->27 | Viaje Corto (Dist: 31)
19:01:29.519 DEBUG - [SALTO LIBRE POR ZONA] X:0->1905 | Viaje Corto (Dist: 264)
19:01:32.173 DEBUG - [SALTO PROTEGIDO EXT] X:1919->85 | ANCLAJE EN: 565 (Dist: 1520)
19:01:34.183 DEBUG - [MURO X LIBERADO por tiempo]
19:01:40.406 INFO - ==========================================
19:01:40.407 INFO - SISTEMA REINICIADO CON DPI AWARENESS
19:01:40.407 INFO - ARCHIVO DE LOGS: D:\scripts\status script\f22_debug.log
19:01:40.407 INFO - ==========================================
19:01:42.127 DEBUG - [SALTO PROTEGIDO EXT] X:1919->5 | ANCLAJE EN BORDE: 1919 (Dist: 1474)
19:01:42.865 DEBUG - [MURO X LIBERADO por movimiento opuesto]
19:01:43.468 DEBUG - [SALTO LIBRE POR ZONA] X:1919->5 | Viaje Corto (Dist: 163)
19:01:44.800 DEBUG - [SALTO PROTEGIDO EXT] X:1919->5 | ANCLAJE EN BORDE: 1919 (Dist: 1618)
19:01:45.611 DEBUG - [MURO X LIBERADO por movimiento opuesto]
19:01:49.668 DEBUG - [SALTO PROTEGIDO EXT] X:1919->22 | ANCLAJE EN BORDE: 1919 (Dist: 792)
19:01:50.408 DEBUG - [MURO X LIBERADO por movimiento opuesto]
19:01:51.234 DEBUG - [SALTO LIBRE POR ZONA] X:1919->15 | Viaje Corto (Dist: 40)
19:01:52.822 DEBUG - [SALTO LIBRE POR ZONA] X:0->1905 | Viaje Corto (Dist: 240)
19:01:54.009 DEBUG - [SALTO LIBRE POR ZONA] X:1919->36 | Viaje Corto (Dist: 318)
19:01:57.010 DEBUG - [SALTO PROTEGIDO EXT] X:1919->5 | ANCLAJE EN BORDE: 1919 (Dist: 1298)
19:01:58.474 DEBUG - [MURO X LIBERADO por movimiento opuesto]
19:02:01.945 DEBUG - [SALTO LIBRE POR ZONA] X:1919->5 | Viaje Corto (Dist: 350)
19:02:04.722 DEBUG - [SALTO PROTEGIDO EXT] X:0->1855 | ANCLAJE EN BORDE: 0 (Dist: 1077)
19:02:05.326 DEBUG - [MURO X LIBERADO por movimiento opuesto]
19:02:08.196 DEBUG - [SALTO PROTEGIDO EXT] X:1919->65 | ANCLAJE EN BORDE: 1919 (Dist: 1565)
19:02:08.904 DEBUG - [MURO X LIBERADO por movimiento opuesto]
19:02:11.937 DEBUG - [SALTO PROTEGIDO EXT] X:1919->65 | ANCLAJE EN BORDE: 1919 (Dist: 1826)
19:02:13.028 DEBUG - [MURO X LIBERADO por movimiento opuesto]
19:02:15.726 DEBUG - [SALTO PROTEGIDO EXT] X:1919->5 | ANCLAJE EN BORDE: 1919 (Dist: 1823)
19:02:16.809 DEBUG - [MURO X LIBERADO por movimiento opuesto]
19:02:22.228 DEBUG - [SALTO PROTEGIDO EXT] X:1919->45 | ANCLAJE EN BORDE: 1919 (Dist: 1378)
19:02:23.416 DEBUG - [MURO X LIBERADO por movimiento opuesto]
19:02:24.779 DEBUG - [SALTO LIBRE POR ZONA] X:0->1915 | Viaje Corto (Dist: 5)
19:02:30.117 DEBUG - [SALTO PROTEGIDO EXT] X:1919->5 | ANCLAJE EN BORDE: 1919 (Dist: 1521)
19:02:31.409 DEBUG - [MURO X LIBERADO por movimiento opuesto]
19:02:35.011 DEBUG - [SALTO PROTEGIDO EXT] X:1919->5 | ANCLAJE EN BORDE: 1919 (Dist: 1846)
19:02:37.019 DEBUG - [MURO X LIBERADO por tiempo]
19:02:44.572 DEBUG - [SALTO PROTEGIDO EXT] X:1919->66 | ANCLAJE EN BORDE: 1919 (Dist: 1286)
19:02:45.252 DEBUG - [MURO X LIBERADO por movimiento opuesto]
19:02:49.172 DEBUG - [SALTO PROTEGIDO EXT] Y:0->1195 | ANCLAJE EN BORDE: 0 (Dist: 755)
19:02:50.287 DEBUG - [MURO Y LIBERADO por movimiento opuesto]
19:02:50.715 DEBUG - [SALTO PROTEGIDO EXT] Y:1199->5 | ANCLAJE EN BORDE: 1199 (Dist: 1199)
19:02:51.418 DEBUG - [MURO Y LIBERADO por movimiento opuesto]
19:02:51.794 DEBUG - [SALTO PROTEGIDO EXT] Y:0->1195 | ANCLAJE EN BORDE: 0 (Dist: 1199)
19:02:52.964 DEBUG - [MURO Y LIBERADO por movimiento opuesto]
19:02:53.545 DEBUG - [SALTO LIBRE POR ZONA] Y:0->1182 | Viaje Corto (Dist: 46)
19:02:54.374 DEBUG - [SALTO LIBRE POR ZONA] Y:1199->5 | Viaje Corto (Dist: 159)
19:02:55.408 DEBUG - [SALTO PROTEGIDO EXT] Y:0->1195 | ANCLAJE EN BORDE: 0 (Dist: 1199)
19:02:56.063 DEBUG - [MURO Y LIBERADO por movimiento opuesto]
19:02:56.660 DEBUG - [SALTO LIBRE POR ZONA] Y:1199->8 | Viaje Corto (Dist: 4)
19:02:57.806 DEBUG - [SALTO LIBRE POR ZONA] Y:0->1190 | Viaje Corto (Dist: 102)
19:02:59.903 DEBUG - [SALTO LIBRE POR ZONA] Y:0->1184 | Viaje Corto (Dist: 117)
19:03:00.556 DEBUG - [SALTO LIBRE POR ZONA] Y:1199->16 | Viaje Corto (Dist: 120)
19:03:02.024 DEBUG - [SALTO LIBRE POR ZONA] Y:0->1189 | Viaje Corto (Dist: 49)
19:03:03.083 DEBUG - [SALTO LIBRE POR ZONA] Y:1199->8 | Viaje Corto (Dist: 18)
19:03:04.417 DEBUG - [SALTO LIBRE POR ZONA] Y:0->1140 | Viaje Corto (Dist: 425)
19:03:05.918 DEBUG - [SALTO PROTEGIDO EXT] Y:0->1178 | ANCLAJE EN BORDE: 0 (Dist: 779)
19:03:07.925 DEBUG - [MURO Y LIBERADO por tiempo]
19:03:09.586 DEBUG - [SALTO PROTEGIDO EXT] Y:1199->25 | ANCLAJE EN BORDE: 1199 (Dist: 992)
19:03:10.667 DEBUG - [MURO Y LIBERADO por movimiento opuesto]
19:03:13.963 DEBUG - [SALTO PROTEGIDO EXT] Y:0->1144 | ANCLAJE EN BORDE: 0 (Dist: 657)
19:03:15.269 DEBUG - [MURO Y LIBERADO por movimiento opuesto]
19:03:17.402 DEBUG - [SALTO LIBRE POR ZONA] Y:0->1164 | Viaje Corto (Dist: 359)
19:03:19.811 DEBUG - [SALTO LIBRE POR ZONA] Y:0->1180 | Viaje Corto (Dist: 188)
19:03:22.033 DEBUG - [SALTO PROTEGIDO EXT] Y:0->1195 | ANCLAJE EN BORDE: 0 (Dist: 812)
19:03:23.560 DEBUG - [MURO Y LIBERADO por movimiento opuesto]
19:03:26.360 DEBUG - [SALTO LIBRE POR ZONA] Y:1199->5 | Viaje Corto (Dist: 86)
19:03:27.457 DEBUG - [SALTO LIBRE POR ZONA] Y:0->1174 | Viaje Corto (Dist: 109)
19:03:28.180 DEBUG - [SALTO LIBRE POR ZONA] Y:1199->5 | Viaje Corto (Dist: 266)
19:03:28.846 DEBUG - [SALTO LIBRE POR ZONA] Y:0->1195 | Viaje Corto (Dist: 288)
19:03:31.318 DEBUG - [SALTO PROTEGIDO EXT] X:0->1915 | ANCLAJE EN BORDE: 0 (Dist: 800)
19:03:31.693 DEBUG - [MURO X LIBERADO por movimiento opuesto]
19:03:33.023 DEBUG - [SALTO PROTEGIDO EXT] X:1919->25 | ANCLAJE EN BORDE: 1919 (Dist: 1463)
19:03:33.683 DEBUG - [MURO X LIBERADO por movimiento opuesto]
19:03:35.893 DEBUG - [SALTO PROTEGIDO EXT] X:1919->65 | ANCLAJE EN BORDE: 1919 (Dist: 1391)
19:03:36.460 DEBUG - [MURO X LIBERADO por movimiento opuesto]
19:03:40.602 DEBUG - [SALTO LIBRE POR ZONA] X:0->1905 | Viaje Corto (Dist: 39)
19:03:43.062 DEBUG - [SALTO LIBRE POR ZONA] X:1919->25 | Viaje Corto (Dist: 132)
19:03:45.277 DEBUG - [SALTO PROTEGIDO EXT] X:1919->5 | ANCLAJE EN BORDE: 1919 (Dist: 1228)
19:03:47.130 DEBUG - [MURO X LIBERADO por movimiento opuesto]
19:03:50.184 DEBUG - [SALTO PROTEGIDO EXT] X:1919->25 | ANCLAJE EN BORDE: 1919 (Dist: 1502)
19:03:51.232 DEBUG - [MURO X LIBERADO por movimiento opuesto]
19:03:57.816 DEBUG - [SALTO PROTEGIDO EXT] Y:1199->5 | ANCLAJE EN BORDE: 1199 (Dist: 451)
19:03:57.827 DEBUG - [MURO Y LIBERADO por movimiento opuesto]
